,,,,,,,,,,,,,,,,,,,,,,,,,,,,,,,
,,,,,,,,,,,,,,,,,,,,,,,,,,,,,,,
02 - Federal Entitlement,Fed/State & Fed only,,,,,,,,,,,,,,,,,,,,,,,,,,,,,,
Indeterminate/Unknown - relate to enrolments for which the information is inconclusive,,,,,,,,,,,,,,,,,,,,,,,,,,,,,,,
,,,,,,,,,,,,,,,,,,,,,,,,,,,,,,,
"Elector Count by Division, Age Groups and Gender for all States/Territories",,,,,,,,,,,,,,,,,,,,,,,,,,,,,,,
,,,,,,,,,,,,,,,,,,,,,,,,,,,,,,,
As at 30 June 2017,,,,,,,,,,,,,,,,,,,,,,,,,,,,,,,
,,,,,,,,,,,,,,,,,,,,,,,,,,,,,,,
,16-17,18-19,20-24,25-29,30-34,35-39,40-44,45-49,50-54,55-59,60-64,65-69,70+,TOTAL,,,,,,,,,,,,,,,,,
NSW," 14,620 "," 128,303 "," 406,565 "," 407,458 "," 426,378 "," 429,784 "," 439,854 "," 456,623 "," 438,258 "," 446,257 "," 401,925 "," 365,711 "," 807,574 "," 5,169,310 ",,,,,,,,,,,,,,,,,
Banks, 324 ," 2,650 "," 8,314 "," 8,054 "," 8,264 "," 8,583 "," 8,788 "," 9,327 "," 9,333 "," 9,409 "," 8,008 "," 6,838 "," 17,188 "," 105,080 ",,,,,,,,,,,,,,,,,
Female, 162 ," 1,338 "," 4,079 "," 3,986 "," 4,098 "," 4,359 "," 4,557 "," 4,900 "," 4,821 "," 4,751 "," 4,092 "," 3,537 "," 9,716 "," 54,396 ",,,,,,,,,,,,,,,,,
Male, 162 ," 1,312 "," 4,234 "," 4,068 "," 4,165 "," 4,224 "," 4,231 "," 4,427 "," 4,512 "," 4,658 "," 3,916 "," 3,301 "," 7,472 "," 50,682 ",,,,,,,,,,,,,,,,,
Indeterminate/Unknown, - , - , 1 , - , 1 , - , - , - , - , - , - , - , - , 2 ,,,,,,,,,,,,,,,,,
Barton, 267 ," 2,327 "," 8,182 "," 9,011 "," 10,556 "," 10,033 "," 9,939 "," 9,946 "," 9,375 "," 8,499 "," 7,523 "," 6,697 "," 16,528 "," 108,883 ",,,,,,,,,,,,,,,,,
Female, 129 ," 1,154 "," 4,032 "," 4,506 "," 5,262 "," 4,900 "," 4,968 "," 5,076 "," 4,771 "," 4,342 "," 3,851 "," 3,428 "," 8,876 "," 55,295 ",,,,,,,,,,,,,,,,,
Male, 138 ," 1,173 "," 4,150 "," 4,503 "," 5,292 "," 5,133 "," 4,971 "," 4,870 "," 4,604 "," 4,157 "," 3,672 "," 3,269 "," 7,651 "," 53,583 ",,,,,,,,,,,,,,,,,
Indeterminate/Unknown, - , - , - , 2 , 2 , - , - , - , - , - , - , - , 1 , 5 ,,,,,,,,,,,,,,,,,
Bennelong, 382 ," 2,584 "," 8,676 "," 8,277 "," 8,935 "," 9,443 "," 9,109 "," 9,486 "," 9,560 "," 8,962 "," 7,946 "," 6,632 "," 15,964 "," 105,956 ",,,,,,,,,,,,,,,,,
Female, 203 ," 1,230 "," 4,219 "," 3,969 "," 4,400 "," 4,671 "," 4,643 "," 5,012 "," 4,901 "," 4,595 "," 4,115 "," 3,365 "," 9,024 "," 54,347 ",,,,,,,,,,,,,,,,,
Male, 179 ," 1,352 "," 4,456 "," 4,307 "," 4,534 "," 4,771 "," 4,466 "," 4,473 "," 4,658 "," 4,367 "," 3,831 "," 3,266 "," 6,940 "," 51,600 ",,,,,,,,,,,,,,,,,
Indeterminate/Unknown, - , 2 , 1 , 1 , 1 , 1 , - , 1 , 1 , - , - , 1 , - , 9 ,,,,,,,,,,,,,,,,,
Berowra, 529 ," 3,347 "," 9,366 "," 6,842 "," 5,882 "," 7,343 "," 9,173 "," 10,264 "," 10,148 "," 10,129 "," 8,556 "," 7,364 "," 16,316 "," 105,259 ",,,,,,,,,,,,,,,,,
Female, 261 ," 1,631 "," 4,507 "," 3,264 "," 2,937 "," 3,878 "," 4,778 "," 5,438 "," 5,277 "," 5,184 "," 4,334 "," 3,728 "," 8,788 "," 54,005 ",,,,,,,,,,,,,,,,,
Male, 268 ," 1,716 "," 4,858 "," 3,578 "," 2,945 "," 3,465 "," 4,394 "," 4,826 "," 4,871 "," 4,945 "," 4,221 "," 3,636 "," 7,528 "," 51,251 ",,,,,,,,,,,,,,,,,
Indeterminate/Unknown, - , - , 1 , - , - , - , 1 , - , - , - , 1 , - , - , 3 ,,,,,,,,,,,,,,,,,
Blaxland, 269 ," 2,993 "," 9,833 "," 9,447 "," 9,671 "," 9,163 "," 8,813 "," 8,950 "," 8,811 "," 8,837 "," 7,554 "," 6,209 "," 14,011 "," 104,561 ",,,,,,,,,,,,,,,,,
Female, 134 ," 1,487 "," 4,880 "," 4,783 "," 4,888 "," 4,507 "," 4,384 "," 4,526 "," 4,310 "," 4,379 "," 3,782 "," 3,079 "," 7,469 "," 52,608 ",,,,,,,,,,,,,,,,,
Male, 135 ," 1,506 "," 4,952 "," 4,664 "," 4,783 "," 4,656 "," 4,429 "," 4,424 "," 4,501 "," 4,458 "," 3,772 "," 3,130 "," 6,541 "," 51,951 ",,,,,,,,,,,,,,,,,
Indeterminate/Unknown, - , - , 1 , - , - , - , - , - , - , - , - , - , 1 , 2 ,,,,,,,,,,,,,,,,,
Bradfield, 531 ," 3,371 "," 8,672 "," 6,579 "," 6,425 "," 8,044 "," 9,209 "," 10,669 "," 10,107 "," 9,271 "," 7,447 "," 6,890 "," 18,867 "," 106,082 ",,,,,,,,,,,,,,,,,
Female, 276 ," 1,685 "," 4,292 "," 3,178 "," 3,287 "," 4,202 "," 4,814 "," 5,673 "," 5,241 "," 4,706 "," 3,847 "," 3,665 "," 10,493 "," 55,359 ",,,,,,,,,,,,,,,,,
Male, 255 ," 1,686 "," 4,378 "," 3,400 "," 3,138 "," 3,842 "," 4,394 "," 4,995 "," 4,865 "," 4,565 "," 3,600 "," 3,225 "," 8,374 "," 50,717 ",,,,,,,,,,,,,,,,,
Indeterminate/Unknown, - , - , 2 , 1 , - , - , 1 , 1 , 1 , - , - , - , - , 6 ,,,,,,,,,,,,,,,,,
Calare, 336 ," 3,022 "," 8,959 "," 8,853 "," 8,763 "," 8,351 "," 8,943 "," 9,913 "," 9,713 "," 10,389 "," 9,316 "," 9,041 "," 19,667 "," 115,266 ",,,,,,,,,,,,,,,,,
Female, 187 ," 1,497 "," 4,474 "," 4,455 "," 4,425 "," 4,234 "," 4,548 "," 5,030 "," 4,943 "," 5,179 "," 4,708 "," 4,519 "," 10,619 "," 58,818 ",,,,,,,,,,,,,,,,,
Male, 149 ," 1,525 "," 4,484 "," 4,398 "," 4,338 "," 4,117 "," 4,395 "," 4,883 "," 4,769 "," 5,210 "," 4,608 "," 4,521 "," 9,048 "," 56,445 ",,,,,,,,,,,,,,,,,
Indeterminate/Unknown, - , - , 1 , - , - , - , - , - , 1 , - , - , 1 , - , 3 ,,,,,,,,,,,,,,,,,
Chifley, 294 ," 3,337 "," 11,008 "," 10,294 "," 10,664 "," 10,393 "," 9,606 "," 9,601 "," 8,980 "," 8,599 "," 7,345 "," 6,417 "," 11,133 "," 107,671 ",,,,,,,,,,,,,,,,,
Female, 149 ," 1,638 "," 5,533 "," 5,192 "," 5,416 "," 5,145 "," 4,845 "," 4,841 "," 4,553 "," 4,311 "," 3,815 "," 3,308 "," 6,146 "," 54,892 ",,,,,,,,,,,,,,,,,
Male, 145 ," 1,699 "," 5,472 "," 5,101 "," 5,248 "," 5,248 "," 4,760 "," 4,759 "," 4,426 "," 4,288 "," 3,529 "," 3,109 "," 4,987 "," 52,771 ",,,,,,,,,,,,,,,,,
Indeterminate/Unknown, - , - , 3 , 1 , - , - , 1 , 1 , 1 , - , 1 , - , - , 8 ,,,,,,,,,,,,,,,,,
Cook, 356 ," 2,482 "," 7,688 "," 7,814 "," 7,785 "," 8,010 "," 8,955 "," 9,684 "," 8,986 "," 8,896 "," 7,906 "," 7,220 "," 19,240 "," 105,022 ",,,,,,,,,,,,,,,,,
Female, 164 ," 1,216 "," 3,861 "," 3,961 "," 3,975 "," 4,080 "," 4,593 "," 4,926 "," 4,576 "," 4,534 "," 4,106 "," 3,777 "," 10,809 "," 54,578 ",,,,,,,,,,,,,,,,,
Male, 192 ," 1,265 "," 3,827 "," 3,853 "," 3,809 "," 3,929 "," 4,362 "," 4,758 "," 4,410 "," 4,362 "," 3,800 "," 3,443 "," 8,431 "," 50,441 ",,,,,,,,,,,,,,,,,
Indeterminate/Unknown, - , 1 , - , - , 1 , 1 , - , - , - , - , - , - , - , 3 ,,,,,,,,,,,,,,,,,
Cowper, 291 ," 2,729 "," 7,689 "," 7,340 "," 7,129 "," 7,251 "," 8,235 "," 9,478 "," 9,825 "," 11,524 "," 11,555 "," 11,340 "," 26,662 "," 121,048 ",,,,,,,,,,,,,,,,,
Female, 155 ," 1,360 "," 3,811 "," 3,656 "," 3,685 "," 3,744 "," 4,312 "," 4,932 "," 5,181 "," 6,153 "," 5,921 "," 5,771 "," 14,460 "," 63,141 ",,,,,,,,,,,,,,,,,
Male, 136 ," 1,367 "," 3,878 "," 3,684 "," 3,444 "," 3,506 "," 3,923 "," 4,546 "," 4,644 "," 5,371 "," 5,634 "," 5,569 "," 12,202 "," 57,904 ",,,,,,,,,,,,,,,,,
Indeterminate/Unknown, - , 2 , - , - , - , 1 , - , - , - , - , - , - , - , 3 ,,,,,,,,,,,,,,,,,
Cunningham, 335 ," 2,925 "," 10,418 "," 9,350 "," 8,739 "," 8,702 "," 9,471 "," 9,530 "," 9,471 "," 9,699 "," 8,439 "," 7,339 "," 18,432 "," 112,850 ",,,,,,,,,,,,,,,,,
Female, 182 ," 1,416 "," 5,152 "," 4,564 "," 4,380 "," 4,344 "," 4,771 "," 4,806 "," 4,761 "," 4,898 "," 4,364 "," 3,780 "," 10,257 "," 57,675 ",,,,,,,,,,,,,,,,,
Male, 153 ," 1,509 "," 5,262 "," 4,782 "," 4,359 "," 4,358 "," 4,700 "," 4,724 "," 4,710 "," 4,801 "," 4,075 "," 3,559 "," 8,175 "," 55,167 ",,,,,,,,,,,,,,,,,
Indeterminate/Unknown, - , - , 4 , 4 , - , - , - , - , - , - , - , - , - , 8 ,,,,,,,,,,,,,,,,,
Dobell, 267 ," 3,078 "," 9,487 "," 8,781 "," 8,658 "," 8,579 "," 9,005 "," 9,775 "," 9,277 "," 9,604 "," 8,880 "," 8,401 "," 20,584 "," 114,376 ",,,,,,,,,,,,,,,,,
Female, 128 ," 1,534 "," 4,729 "," 4,404 "," 4,377 "," 4,317 "," 4,619 "," 5,032 "," 4,737 "," 5,024 "," 4,673 "," 4,477 "," 11,630 "," 59,681 ",,,,,,,,,,,,,,,,,
Male, 139 ," 1,544 "," 4,758 "," 4,377 "," 4,281 "," 4,261 "," 4,386 "," 4,743 "," 4,540 "," 4,580 "," 4,207 "," 3,924 "," 8,954 "," 54,694 ",,,,,,,,,,,,,,,,,
Indeterminate/Unknown, - , - , - , - , - , 1 , - , - , - , - , - , - , - , 1 ,,,,,,,,,,,,,,,,,
Eden-Monaro, 270 ," 2,462 "," 6,968 "," 7,037 "," 7,501 "," 7,630 "," 8,879 "," 10,352 "," 10,261 "," 11,061 "," 10,383 "," 9,254 "," 17,836 "," 109,894 ",,,,,,,,,,,,,,,,,
Female, 150 ," 1,255 "," 3,500 "," 3,462 "," 3,853 "," 3,967 "," 4,483 "," 5,328 "," 5,145 "," 5,566 "," 5,147 "," 4,551 "," 9,245 "," 55,652 ",,,,,,,,,,,,,,,,,
Male, 120 ," 1,205 "," 3,468 "," 3,575 "," 3,648 "," 3,663 "," 4,396 "," 5,023 "," 5,115 "," 5,495 "," 5,236 "," 4,703 "," 8,591 "," 54,238 ",,,,,,,,,,,,,,,,,
Indeterminate/Unknown, - , 2 , - , - , - , - , - , 1 , 1 , - , - , - , - , 4 ,,,,,,,,,,,,,,,,,
Farrer, 294 ," 2,796 "," 8,652 "," 7,617 "," 7,411 "," 7,655 "," 8,322 "," 9,255 "," 9,548 "," 10,646 "," 10,005 "," 9,366 "," 21,860 "," 113,427 ",,,,,,,,,,,,,,,,,
Female, 156 ," 1,426 "," 4,180 "," 3,789 "," 3,749 "," 3,914 "," 4,305 "," 4,707 "," 4,924 "," 5,332 "," 5,025 "," 4,609 "," 11,691 "," 57,807 ",,,,,,,,,,,,,,,,,
Male, 138 ," 1,370 "," 4,472 "," 3,828 "," 3,662 "," 3,741 "," 4,017 "," 4,548 "," 4,624 "," 5,314 "," 4,980 "," 4,757 "," 10,169 "," 55,620 ",,,,,,,,,,,,,,,,,
Indeterminate/Unknown, - , - , - , - , - , - , - , - , - , - , - , - , - , - ,,,,,,,,,,,,,,,,,
Fowler, 317 ," 2,734 "," 9,984 "," 9,089 "," 8,611 "," 8,322 "," 8,608 "," 9,397 "," 9,453 "," 10,002 "," 8,859 "," 7,331 "," 13,576 "," 106,283 ",,,,,,,,,,,,,,,,,
Female, 174 ," 1,391 "," 4,839 "," 4,498 "," 4,379 "," 4,291 "," 4,471 "," 4,842 "," 4,662 "," 4,946 "," 4,613 "," 3,716 "," 7,168 "," 53,990 ",,,,,,,,,,,,,,,,,
Male, 143 ," 1,343 "," 5,144 "," 4,591 "," 4,232 "," 4,030 "," 4,136 "," 4,554 "," 4,791 "," 5,056 "," 4,246 "," 3,615 "," 6,408 "," 52,289 ",,,,,,,,,,,,,,,,,
Indeterminate/Unknown, - , - , 1 , - , - , 1 , 1 , 1 , - , - , - , - , - , 4 ,,,,,,,,,,,,,,,,,
Gilmore, 213 ," 2,451 "," 7,311 "," 6,781 "," 6,757 "," 6,714 "," 7,637 "," 8,654 "," 9,172 "," 11,416 "," 11,926 "," 12,342 "," 27,305 "," 118,679 ",,,,,,,,,,,,,,,,,
Female, 103 ," 1,230 "," 3,523 "," 3,324 "," 3,352 "," 3,377 "," 3,879 "," 4,415 "," 4,759 "," 5,935 "," 6,133 "," 6,276 "," 14,306 "," 60,612 ",,,,,,,,,,,,,,,,,
Male, 110 ," 1,220 "," 3,787 "," 3,457 "," 3,404 "," 3,337 "," 3,758 "," 4,239 "," 4,413 "," 5,481 "," 5,793 "," 6,066 "," 12,998 "," 58,063 ",,,,,,,,,,,,,,,,,
Indeterminate/Unknown, - , 1 , 1 , - , 1 , - , - , - , - , - , - , - , 1 , 4 ,,,,,,,,,,,,,,,,,
Grayndler, 146 ," 1,428 "," 7,119 "," 11,137 "," 12,100 "," 12,049 "," 11,465 "," 10,657 "," 8,867 "," 7,797 "," 6,588 "," 5,772 "," 11,375 "," 106,500 ",,,,,,,,,,,,,,,,,
Female, 76 , 744 ," 3,736 "," 5,746 "," 6,264 "," 6,283 "," 5,918 "," 5,426 "," 4,467 "," 4,041 "," 3,455 "," 3,052 "," 6,199 "," 55,407 ",,,,,,,,,,,,,,,,,
Male, 70 , 684 ," 3,379 "," 5,383 "," 5,831 "," 5,761 "," 5,546 "," 5,230 "," 4,398 "," 3,755 "," 3,133 "," 2,719 "," 5,175 "," 51,064 ",,,,,,,,,,,,,,,,,
Indeterminate/Unknown, - , - , 4 , 8 , 5 , 5 , 1 , 1 , 2 , 1 , - , 1 , 1 , 29 ,,,,,,,,,,,,,,,,,
Greenway, 356 ," 3,048 "," 8,962 "," 8,695 "," 11,264 "," 12,968 "," 11,738 "," 10,266 "," 8,792 "," 8,206 "," 6,957 "," 5,825 "," 10,187 "," 107,264 ",,,,,,,,,,,,,,,,,
Female, 191 ," 1,462 "," 4,426 "," 4,273 "," 5,750 "," 6,466 "," 5,718 "," 5,199 "," 4,331 "," 4,119 "," 3,577 "," 3,020 "," 5,488 "," 54,020 ",,,,,,,,,,,,,,,,,
Male, 164 ," 1,585 "," 4,534 "," 4,421 "," 5,514 "," 6,502 "," 6,020 "," 5,067 "," 4,460 "," 4,087 "," 3,380 "," 2,805 "," 4,699 "," 53,238 ",,,,,,,,,,,,,,,,,
Indeterminate/Unknown, 1 , 1 , 2 , 1 , - , - , - , - , 1 , - , - , - , - , 6 ,,,,,,,,,,,,,,,,,
Hughes, 406 ," 2,970 "," 8,719 "," 8,267 "," 8,512 "," 9,225 "," 10,000 "," 10,089 "," 9,220 "," 9,137 "," 8,005 "," 6,809 "," 13,683 "," 105,042 ",,,,,,,,,,,,,,,,,
Female, 193 ," 1,428 "," 4,240 "," 4,099 "," 4,365 "," 4,724 "," 5,087 "," 5,231 "," 4,684 "," 4,715 "," 4,064 "," 3,445 "," 7,396 "," 53,671 ",,,,,,,,,,,,,,,,,
Male, 213 ," 1,541 "," 4,478 "," 4,168 "," 4,147 "," 4,501 "," 4,913 "," 4,858 "," 4,536 "," 4,422 "," 3,941 "," 3,364 "," 6,287 "," 51,369 ",,,,,,,,,,,,,,,,,
Indeterminate/Unknown, - , 1 , 1 , - , - , - , - , - , - , - , - , - , - , 2 ,,,,,,,,,,,,,,,,,
Hume, 383 ," 3,121 "," 9,006 "," 8,982 "," 9,219 "," 8,942 "," 9,758 "," 10,234 "," 9,656 "," 9,614 "," 8,582 "," 8,002 "," 15,131 "," 110,630 ",,,,,,,,,,,,,,,,,
Female, 204 ," 1,564 "," 4,457 "," 4,545 "," 4,685 "," 4,506 "," 5,016 "," 5,212 "," 4,908 "," 4,882 "," 4,367 "," 4,047 "," 8,019 "," 56,412 ",,,,,,,,,,,,,,,,,
Male, 179 ," 1,557 "," 4,547 "," 4,437 "," 4,534 "," 4,435 "," 4,741 "," 5,022 "," 4,748 "," 4,732 "," 4,215 "," 3,954 "," 7,111 "," 54,212 ",,,,,,,,,,,,,,,,,
Indeterminate/Unknown, - , - , 2 , - , - , 1 , 1 , - , - , - , - , 1 , 1 , 6 ,,,,,,,,,,,,,,,,,
Hunter, 323 ," 3,085 "," 9,497 "," 9,397 "," 9,558 "," 8,917 "," 9,327 "," 9,977 "," 9,607 "," 10,173 "," 9,459 "," 8,813 "," 18,789 "," 116,922 ",,,,,,,,,,,,,,,,,
Female, 167 ," 1,562 "," 4,632 "," 4,724 "," 4,781 "," 4,460 "," 4,698 "," 4,972 "," 4,840 "," 5,095 "," 4,905 "," 4,485 "," 10,141 "," 59,462 ",,,,,,,,,,,,,,,,,
Male, 156 ," 1,523 "," 4,864 "," 4,672 "," 4,777 "," 4,457 "," 4,629 "," 5,005 "," 4,767 "," 5,078 "," 4,554 "," 4,328 "," 8,648 "," 57,458 ",,,,,,,,,,,,,,,,,
Indeterminate/Unknown, - , - , 1 , 1 , - , - , - , - , - , - , - , - , - , 2 ,,,,,,,,,,,,,,,,,
Kingsford Smith, 268 ," 2,344 "," 8,387 "," 9,660 "," 10,568 "," 10,858 "," 10,488 "," 10,178 "," 9,099 "," 8,291 "," 7,133 "," 6,389 "," 16,340 "," 110,003 ",,,,,,,,,,,,,,,,,
Female, 151 ," 1,164 "," 4,189 "," 4,801 "," 5,351 "," 5,608 "," 5,330 "," 5,265 "," 4,663 "," 4,218 "," 3,741 "," 3,389 "," 9,215 "," 57,085 ",,,,,,,,,,,,,,,,,
Male, 117 ," 1,178 "," 4,197 "," 4,858 "," 5,215 "," 5,247 "," 5,156 "," 4,909 "," 4,435 "," 4,073 "," 3,391 "," 2,999 "," 7,123 "," 52,898 ",,,,,,,,,,,,,,,,,
Indeterminate/Unknown, - , 2 , 1 , 1 , 2 , 3 , 2 , 4 , 1 , - , 1 , 1 , 2 , 20 ,,,,,,,,,,,,,,,,,
Lindsay, 306 ," 3,135 "," 10,943 "," 11,415 "," 11,758 "," 10,896 "," 10,475 "," 9,822 "," 8,898 "," 8,941 "," 7,977 "," 7,163 "," 12,265 "," 113,994 ",,,,,,,,,,,,,,,,,
Female, 145 ," 1,572 "," 5,545 "," 5,856 "," 5,956 "," 5,438 "," 5,232 "," 5,013 "," 4,531 "," 4,657 "," 4,206 "," 3,631 "," 6,666 "," 58,448 ",,,,,,,,,,,,,,,,,
Male, 160 ," 1,563 "," 5,396 "," 5,558 "," 5,801 "," 5,458 "," 5,242 "," 4,809 "," 4,366 "," 4,284 "," 3,771 "," 3,532 "," 5,599 "," 55,539 ",,,,,,,,,,,,,,,,,
Indeterminate/Unknown, 1 , - , 2 , 1 , 1 , - , 1 , - , 1 , - , - , - , - , 7 ,,,,,,,,,,,,,,,,,
Lyne, 274 ," 2,491 "," 6,418 "," 5,664 "," 5,748 "," 6,068 "," 7,339 "," 8,637 "," 9,283 "," 10,982 "," 11,512 "," 12,179 "," 27,613 "," 114,208 ",,,,,,,,,,,,,,,,,
Female, 162 ," 1,219 "," 3,148 "," 2,860 "," 2,957 "," 3,096 "," 3,807 "," 4,470 "," 4,814 "," 5,722 "," 5,867 "," 6,140 "," 14,297 "," 58,559 ",,,,,,,,,,,,,,,,,
Male, 112 ," 1,272 "," 3,269 "," 2,804 "," 2,791 "," 2,972 "," 3,532 "," 4,167 "," 4,469 "," 5,260 "," 5,645 "," 6,039 "," 13,316 "," 55,648 ",,,,,,,,,,,,,,,,,
Indeterminate/Unknown, - , - , 1 , - , - , - , - , - , - , - , - , - , - , 1 ,,,,,,,,,,,,,,,,,
Macarthur, 318 ," 3,309 "," 10,825 "," 10,859 "," 11,246 "," 10,394 "," 9,797 "," 9,102 "," 8,974 "," 9,285 "," 8,191 "," 6,980 "," 10,740 "," 110,020 ",,,,,,,,,,,,,,,,,
Female, 174 ," 1,639 "," 5,440 "," 5,525 "," 5,781 "," 5,275 "," 4,897 "," 4,640 "," 4,667 "," 4,774 "," 4,241 "," 3,638 "," 5,735 "," 56,426 ",,,,,,,,,,,,,,,,,
Male, 144 ," 1,670 "," 5,385 "," 5,333 "," 5,465 "," 5,119 "," 4,899 "," 4,462 "," 4,307 "," 4,511 "," 3,950 "," 3,342 "," 5,005 "," 53,592 ",,,,,,,,,,,,,,,,,
Indeterminate/Unknown, - , - , - , 1 , - , - , 1 , - , - , - , - , - , - , 2 ,,,,,,,,,,,,,,,,,
Mackellar, 427 ," 2,686 "," 7,911 "," 6,726 "," 6,997 "," 8,361 "," 10,069 "," 10,769 "," 9,944 "," 9,517 "," 8,319 "," 7,755 "," 19,737 "," 109,218 ",,,,,,,,,,,,,,,,,
Female, 224 ," 1,299 "," 3,778 "," 3,223 "," 3,653 "," 4,289 "," 5,218 "," 5,543 "," 5,072 "," 4,848 "," 4,337 "," 4,053 "," 10,901 "," 56,438 ",,,,,,,,,,,,,,,,,
Male, 203 ," 1,387 "," 4,132 "," 3,503 "," 3,344 "," 4,072 "," 4,851 "," 5,226 "," 4,872 "," 4,669 "," 3,982 "," 3,702 "," 8,836 "," 52,779 ",,,,,,,,,,,,,,,,,
Indeterminate/Unknown, - , - , 1 , - , - , - , - , - , - , - , - , - , - , 1 ,,,,,,,,,,,,,,,,,
Macquarie, 289 ," 2,817 "," 8,497 "," 7,782 "," 7,627 "," 7,968 "," 8,914 "," 10,062 "," 9,495 "," 10,055 "," 9,047 "," 8,336 "," 15,440 "," 106,329 ",,,,,,,,,,,,,,,,,
Female, 163 ," 1,376 "," 4,128 "," 3,848 "," 3,790 "," 4,053 "," 4,647 "," 5,248 "," 4,871 "," 5,218 "," 4,647 "," 4,326 "," 8,518 "," 54,833 ",,,,,,,,,,,,,,,,,
Male, 126 ," 1,440 "," 4,367 "," 3,934 "," 3,836 "," 3,914 "," 4,267 "," 4,814 "," 4,624 "," 4,837 "," 4,400 "," 4,008 "," 6,922 "," 51,489 ",,,,,,,,,,,,,,,,,
Indeterminate/Unknown, - , 1 , 2 , - , 1 , 1 , - , - , - , - , - , 2 , - , 7 ,,,,,,,,,,,,,,,,,
McMahon, 311 ," 2,976 "," 9,943 "," 9,778 "," 9,641 "," 9,651 "," 8,988 "," 9,108 "," 9,219 "," 9,231 "," 7,935 "," 6,913 "," 13,570 "," 107,264 ",,,,,,,,,,,,,,,,,
Female, 166 ," 1,519 "," 4,939 "," 4,965 "," 4,989 "," 4,905 "," 4,477 "," 4,632 "," 4,696 "," 4,675 "," 4,040 "," 3,503 "," 7,283 "," 54,789 ",,,,,,,,,,,,,,,,,
Male, 145 ," 1,457 "," 5,004 "," 4,812 "," 4,651 "," 4,746 "," 4,511 "," 4,476 "," 4,522 "," 4,556 "," 3,895 "," 3,410 "," 6,287 "," 52,472 ",,,,,,,,,,,,,,,,,
Indeterminate/Unknown, - , - , - , 1 , 1 , - , - , - , 1 , - , - , - , - , 3 ,,,,,,,,,,,,,,,,,
Mitchell, 466 ," 3,110 "," 8,907 "," 7,110 "," 7,727 "," 9,808 "," 10,942 "," 11,022 "," 9,416 "," 8,630 "," 7,543 "," 6,904 "," 13,568 "," 105,153 ",,,,,,,,,,,,,,,,,
Female, 246 ," 1,559 "," 4,287 "," 3,468 "," 3,978 "," 5,117 "," 5,655 "," 5,749 "," 4,753 "," 4,356 "," 3,895 "," 3,650 "," 7,241 "," 53,954 ",,,,,,,,,,,,,,,,,
Male, 220 ," 1,551 "," 4,619 "," 3,642 "," 3,749 "," 4,691 "," 5,287 "," 5,272 "," 4,663 "," 4,274 "," 3,648 "," 3,254 "," 6,327 "," 51,197 ",,,,,,,,,,,,,,,,,
Indeterminate/Unknown, - , - , 1 , - , - , - , - , 1 , - , - , - , - , - , 2 ,,,,,,,,,,,,,,,,,
New England, 309 ," 2,951 "," 8,520 "," 7,896 "," 7,713 "," 7,420 "," 8,103 "," 9,055 "," 9,204 "," 10,229 "," 9,684 "," 9,048 "," 20,638 "," 110,770 ",,,,,,,,,,,,,,,,,
Female, 160 ," 1,488 "," 4,276 "," 3,933 "," 3,934 "," 3,833 "," 4,141 "," 4,688 "," 4,699 "," 5,316 "," 4,792 "," 4,531 "," 11,223 "," 57,014 ",,,,,,,,,,,,,,,,,
Male, 149 ," 1,463 "," 4,244 "," 3,963 "," 3,779 "," 3,587 "," 3,962 "," 4,367 "," 4,505 "," 4,913 "," 4,892 "," 4,517 "," 9,415 "," 53,756 ",,,,,,,,,,,,,,,,,
Indeterminate/Unknown, - , - , - , - , - , - , - , - , - , - , - , - , - , - ,,,,,,,,,,,,,,,,,
Newcastle, 293 ," 2,707 "," 11,444 "," 11,452 "," 10,341 "," 9,464 "," 9,274 "," 9,595 "," 9,174 "," 9,460 "," 8,421 "," 7,028 "," 16,082 "," 114,735 ",,,,,,,,,,,,,,,,,
Female, 145 ," 1,334 "," 5,723 "," 5,519 "," 5,050 "," 4,707 "," 4,680 "," 4,872 "," 4,690 "," 4,848 "," 4,262 "," 3,571 "," 9,103 "," 58,504 ",,,,,,,,,,,,,,,,,
Male, 148 ," 1,373 "," 5,720 "," 5,933 "," 5,291 "," 4,757 "," 4,594 "," 4,723 "," 4,484 "," 4,612 "," 4,159 "," 3,457 "," 6,979 "," 56,230 ",,,,,,,,,,,,,,,,,
Indeterminate/Unknown, - , - , 1 , - , - , - , - , - , - , - , - , - , - , 1 ,,,,,,,,,,,,,,,,,
North Sydney, 316 ," 2,041 "," 6,885 "," 8,859 "," 10,639 "," 11,094 "," 10,462 "," 9,875 "," 8,826 "," 8,320 "," 7,519 "," 6,972 "," 15,474 "," 107,282 ",,,,,,,,,,,,,,,,,
Female, 165 , 987 ," 3,439 "," 4,534 "," 5,441 "," 5,658 "," 5,337 "," 5,192 "," 4,558 "," 4,368 "," 4,009 "," 3,715 "," 8,678 "," 56,081 ",,,,,,,,,,,,,,,,,
Male, 151 ," 1,054 "," 3,445 "," 4,325 "," 5,197 "," 5,435 "," 5,124 "," 4,683 "," 4,268 "," 3,952 "," 3,510 "," 3,257 "," 6,795 "," 51,196 ",,,,,,,,,,,,,,,,,
Indeterminate/Unknown, - , - , 1 , - , 1 , 1 , 1 , - , - , - , - , - , 1 , 5 ,,,,,,,,,,,,,,,,,
Page, 240 ," 2,940 "," 7,584 "," 6,929 "," 7,025 "," 7,669 "," 8,714 "," 9,812 "," 10,393 "," 12,104 "," 12,086 "," 10,960 "," 22,654 "," 119,110 ",,,,,,,,,,,,,,,,,
Female, 139 ," 1,481 "," 3,694 "," 3,497 "," 3,563 "," 3,990 "," 4,513 "," 5,097 "," 5,304 "," 6,215 "," 6,083 "," 5,384 "," 12,074 "," 61,034 ",,,,,,,,,,,,,,,,,
Male, 101 ," 1,457 "," 3,890 "," 3,429 "," 3,462 "," 3,679 "," 4,201 "," 4,715 "," 5,089 "," 5,889 "," 6,003 "," 5,576 "," 10,580 "," 58,071 ",,,,,,,,,,,,,,,,,
Indeterminate/Unknown, - , 2 , - , 3 , - , - , - , - , - , - , - , - , - , 5 ,,,,,,,,,,,,,,,,,
Parkes, 211 ," 2,564 "," 8,627 "," 9,016 "," 8,397 "," 7,663 "," 7,989 "," 9,008 "," 9,265 "," 10,183 "," 9,015 "," 8,060 "," 18,469 "," 108,467 ",,,,,,,,,,,,,,,,,
Female, 116 ," 1,240 "," 4,313 "," 4,583 "," 4,362 "," 3,937 "," 4,047 "," 4,500 "," 4,660 "," 5,004 "," 4,367 "," 3,875 "," 9,840 "," 54,844 ",,,,,,,,,,,,,,,,,
Male, 95 ," 1,324 "," 4,312 "," 4,432 "," 4,035 "," 3,726 "," 3,942 "," 4,508 "," 4,605 "," 5,179 "," 4,648 "," 4,185 "," 8,629 "," 53,620 ",,,,,,,,,,,,,,,,,
Indeterminate/Unknown, - , - , 2 , 1 , - , - , - , - , - , - , - , - , - , 3 ,,,,,,,,,,,,,,,,,
Parramatta, 280 ," 2,466 "," 8,075 "," 8,860 "," 11,582 "," 11,155 "," 9,732 "," 8,899 "," 8,418 "," 8,095 "," 6,891 "," 5,569 "," 12,362 "," 102,384 ",,,,,,,,,,,,,,,,,
Female, 148 ," 1,235 "," 3,982 "," 4,394 "," 5,605 "," 5,229 "," 4,696 "," 4,437 "," 4,209 "," 4,035 "," 3,486 "," 2,785 "," 6,713 "," 50,954 ",,,,,,,,,,,,,,,,,
Male, 132 ," 1,231 "," 4,093 "," 4,466 "," 5,977 "," 5,925 "," 5,035 "," 4,462 "," 4,209 "," 4,059 "," 3,404 "," 2,784 "," 5,649 "," 51,426 ",,,,,,,,,,,,,,,,,
Indeterminate/Unknown, - , - , - , - , - , 1 , 1 , - , - , 1 , 1 , - , - , 4 ,,,,,,,,,,,,,,,,,
Paterson, 291 ," 2,977 "," 9,217 "," 9,557 "," 9,388 "," 9,036 "," 9,380 "," 9,699 "," 9,366 "," 9,864 "," 9,345 "," 9,148 "," 19,409 "," 116,677 ",,,,,,,,,,,,,,,,,
Female, 158 ," 1,492 "," 4,627 "," 4,791 "," 4,684 "," 4,497 "," 4,661 "," 4,897 "," 4,724 "," 5,126 "," 4,848 "," 4,787 "," 10,429 "," 59,721 ",,,,,,,,,,,,,,,,,
Male, 133 ," 1,485 "," 4,589 "," 4,766 "," 4,704 "," 4,539 "," 4,719 "," 4,801 "," 4,642 "," 4,738 "," 4,497 "," 4,361 "," 8,980 "," 56,954 ",,,,,,,,,,,,,,,,,
Indeterminate/Unknown, - , - , 1 , - , - , - , - , 1 , - , - , - , - , - , 2 ,,,,,,,,,,,,,,,,,
Reid, 279 ," 2,275 "," 7,880 "," 9,193 "," 10,985 "," 10,175 "," 9,687 "," 9,414 "," 9,037 "," 8,736 "," 7,440 "," 6,420 "," 14,661 "," 106,182 ",,,,,,,,,,,,,,,,,
Female, 157 ," 1,144 "," 3,980 "," 4,457 "," 5,394 "," 5,061 "," 4,961 "," 4,970 "," 4,724 "," 4,537 "," 3,885 "," 3,391 "," 8,086 "," 54,747 ",,,,,,,,,,,,,,,,,
Male, 122 ," 1,131 "," 3,900 "," 4,736 "," 5,591 "," 5,113 "," 4,725 "," 4,444 "," 4,313 "," 4,199 "," 3,555 "," 3,028 "," 6,574 "," 51,431 ",,,,,,,,,,,,,,,,,
Indeterminate/Unknown, - , - , - , - , - , 1 , 1 , - , - , - , - , 1 , 1 , 4 ,,,,,,,,,,,,,,,,,
Richmond, 216 ," 2,282 "," 6,364 "," 5,959 "," 6,747 "," 7,503 "," 8,708 "," 9,720 "," 9,698 "," 11,230 "," 11,063 "," 10,542 "," 23,832 "," 113,864 ",,,,,,,,,,,,,,,,,
Female, 105 ," 1,119 "," 3,155 "," 3,023 "," 3,503 "," 3,988 "," 4,586 "," 5,219 "," 5,103 "," 5,967 "," 5,805 "," 5,292 "," 12,984 "," 59,849 ",,,,,,,,,,,,,,,,,
Male, 111 ," 1,163 "," 3,207 "," 2,936 "," 3,244 "," 3,515 "," 4,122 "," 4,501 "," 4,595 "," 5,263 "," 5,258 "," 5,249 "," 10,848 "," 54,012 ",,,,,,,,,,,,,,,,,
Indeterminate/Unknown, - , - , 2 , - , - , - , - , - , - , - , - , 1 , - , 3 ,,,,,,,,,,,,,,,,,
Riverina, 331 ," 2,950 "," 9,411 "," 8,520 "," 8,043 "," 7,911 "," 8,282 "," 9,086 "," 9,230 "," 10,058 "," 9,271 "," 8,970 "," 20,682 "," 112,745 ",,,,,,,,,,,,,,,,,
Female, 187 ," 1,498 "," 4,727 "," 4,304 "," 4,111 "," 4,005 "," 4,231 "," 4,659 "," 4,610 "," 5,069 "," 4,600 "," 4,456 "," 11,239 "," 57,696 ",,,,,,,,,,,,,,,,,
Male, 144 ," 1,452 "," 4,683 "," 4,216 "," 3,932 "," 3,906 "," 4,051 "," 4,427 "," 4,620 "," 4,988 "," 4,671 "," 4,514 "," 9,443 "," 55,047 ",,,,,,,,,,,,,,,,,
Indeterminate/Unknown, - , - , 1 , - , - , - , - , - , - , 1 , - , - , - , 2 ,,,,,,,,,,,,,,,,,
Robertson, 216 ," 2,729 "," 8,178 "," 7,520 "," 7,362 "," 7,587 "," 8,348 "," 9,092 "," 9,155 "," 9,738 "," 9,113 "," 8,682 "," 21,897 "," 109,617 ",,,,,,,,,,,,,,,,,
Female, 116 ," 1,415 "," 4,002 "," 3,638 "," 3,663 "," 3,933 "," 4,235 "," 4,734 "," 4,749 "," 5,119 "," 4,801 "," 4,624 "," 12,203 "," 57,232 ",,,,,,,,,,,,,,,,,
Male, 100 ," 1,314 "," 4,175 "," 3,881 "," 3,699 "," 3,654 "," 4,113 "," 4,357 "," 4,406 "," 4,619 "," 4,312 "," 4,058 "," 9,694 "," 52,382 ",,,,,,,,,,,,,,,,,
Indeterminate/Unknown, - , - , 1 , 1 , - , - , - , 1 , - , - , - , - , - , 3 ,,,,,,,,,,,,,,,,,
Shortland, 332 ," 2,833 "," 8,612 "," 7,629 "," 8,106 "," 7,911 "," 8,410 "," 9,544 "," 9,152 "," 9,827 "," 9,255 "," 8,679 "," 21,624 "," 111,914 ",,,,,,,,,,,,,,,,,
Female, 161 ," 1,402 "," 4,190 "," 3,805 "," 4,059 "," 4,028 "," 4,271 "," 4,850 "," 4,725 "," 5,028 "," 4,819 "," 4,621 "," 11,925 "," 57,884 ",,,,,,,,,,,,,,,,,
Male, 171 ," 1,431 "," 4,422 "," 3,823 "," 4,047 "," 3,883 "," 4,139 "," 4,694 "," 4,427 "," 4,799 "," 4,436 "," 4,058 "," 9,698 "," 54,028 ",,,,,,,,,,,,,,,,,
Indeterminate/Unknown, - , - , - , 1 , - , - , - , - , - , - , - , - , 1 , 2 ,,,,,,,,,,,,,,,,,
Sydney, 92 ," 1,033 "," 7,062 "," 15,323 "," 17,409 "," 14,512 "," 10,811 "," 9,560 "," 7,927 "," 7,301 "," 6,161 "," 5,116 "," 9,198 "," 111,505 ",,,,,,,,,,,,,,,,,
Female, 65 , 574 ," 3,762 "," 7,511 "," 8,087 "," 6,332 "," 4,567 "," 4,026 "," 3,387 "," 3,296 "," 2,980 "," 2,453 "," 4,685 "," 51,725 ",,,,,,,,,,,,,,,,,
Male, 27 , 459 ," 3,295 "," 7,809 "," 9,319 "," 8,175 "," 6,241 "," 5,529 "," 4,534 "," 3,999 "," 3,180 "," 2,662 "," 4,513 "," 59,742 ",,,,,,,,,,,,,,,,,
Indeterminate/Unknown, - , - , 5 , 3 , 3 , 5 , 3 , 5 , 6 , 6 , 1 , 1 , - , 38 ,,,,,,,,,,,,,,,,,
Warringah, 332 ," 2,397 "," 6,703 "," 7,219 "," 8,429 "," 9,807 "," 10,655 "," 10,666 "," 9,426 "," 8,458 "," 7,058 "," 6,458 "," 15,490 "," 103,098 ",,,,,,,,,,,,,,,,,
Female, 186 ," 1,218 "," 3,314 "," 3,667 "," 4,385 "," 5,068 "," 5,489 "," 5,529 "," 4,895 "," 4,298 "," 3,641 "," 3,434 "," 8,668 "," 53,792 ",,,,,,,,,,,,,,,,,
Male, 146 ," 1,179 "," 3,389 "," 3,551 "," 4,044 "," 4,739 "," 5,166 "," 5,137 "," 4,531 "," 4,160 "," 3,417 "," 3,024 "," 6,822 "," 49,305 ",,,,,,,,,,,,,,,,,
Indeterminate/Unknown, - , - , - , 1 , - , - , - , - , - , - , - , - , - , 1 ,,,,,,,,,,,,,,,,,
Watson, 314 ," 2,808 "," 9,211 "," 8,871 "," 9,827 "," 9,811 "," 9,301 "," 9,427 "," 9,475 "," 8,692 "," 7,536 "," 6,269 "," 15,093 "," 106,635 ",,,,,,,,,,,,,,,,,
Female, 160 ," 1,404 "," 4,506 "," 4,513 "," 4,892 "," 4,814 "," 4,665 "," 4,857 "," 4,648 "," 4,378 "," 3,858 "," 3,170 "," 8,061 "," 53,926 ",,,,,,,,,,,,,,,,,
Male, 154 ," 1,404 "," 4,705 "," 4,357 "," 4,935 "," 4,997 "," 4,636 "," 4,570 "," 4,827 "," 4,314 "," 3,677 "," 3,099 "," 7,032 "," 52,707 ",,,,,,,,,,,,,,,,,
Indeterminate/Unknown, - , - , - , 1 , - , - , - , - , - , - , 1 , - , - , 2 ,,,,,,,,,,,,,,,,,
Wentworth, 254 ," 1,767 "," 5,920 "," 9,398 "," 11,722 "," 11,543 "," 10,266 "," 9,578 "," 7,900 "," 7,458 "," 6,405 "," 6,362 "," 14,805 "," 103,378 ",,,,,,,,,,,,,,,,,
Female, 128 , 876 ," 3,088 "," 5,120 "," 6,161 "," 5,762 "," 5,152 "," 4,800 "," 3,941 "," 3,792 "," 3,351 "," 3,333 "," 8,315 "," 53,819 ",,,,,,,,,,,,,,,,,
Male, 126 , 889 ," 2,828 "," 4,276 "," 5,557 "," 5,779 "," 5,111 "," 4,778 "," 3,958 "," 3,666 "," 3,053 "," 3,028 "," 6,487 "," 49,536 ",,,,,,,,,,,,,,,,,
Indeterminate/Unknown, - , 2 , 4 , 2 , 4 , 2 , 3 , - , 1 , - , 1 , 1 , 3 , 23 ,,,,,,,,,,,,,,,,,
Werriwa, 396 ," 3,681 "," 11,406 "," 10,256 "," 10,457 "," 10,706 "," 10,633 "," 10,720 "," 10,498 "," 9,708 "," 7,692 "," 6,016 "," 10,602 "," 112,771 ",,,,,,,,,,,,,,,,,
Female, 215 ," 1,784 "," 5,654 "," 5,233 "," 5,488 "," 5,544 "," 5,587 "," 5,529 "," 5,231 "," 4,877 "," 3,897 "," 3,011 "," 5,666 "," 57,716 ",,,,,,,,,,,,,,,,,
Male, 181 ," 1,897 "," 5,751 "," 5,023 "," 4,969 "," 5,162 "," 5,046 "," 5,191 "," 5,267 "," 4,831 "," 3,795 "," 3,005 "," 4,936 "," 55,054 ",,,,,,,,,,,,,,,,,
Indeterminate/Unknown, - , - , 1 , - , - , - , - , - , - , - , - , - , - , 1 ,,,,,,,,,,,,,,,,,
Whitlam, 370 ," 3,094 "," 9,125 "," 8,363 "," 8,490 "," 8,496 "," 9,107 "," 9,669 "," 9,624 "," 9,994 "," 9,074 "," 8,891 "," 20,995 "," 115,292 ",,,,,,,,,,,,,,,,,
Female, 193 ," 1,565 "," 4,553 "," 4,190 "," 4,274 "," 4,333 "," 4,645 "," 4,937 "," 4,940 "," 5,180 "," 4,800 "," 4,611 "," 11,449 "," 59,670 ",,,,,,,,,,,,,,,,,
Male, 177 ," 1,529 "," 4,572 "," 4,173 "," 4,216 "," 4,163 "," 4,462 "," 4,732 "," 4,684 "," 4,814 "," 4,274 "," 4,280 "," 9,546 "," 55,622 ",,,,,,,,,,,,,,,,,
Indeterminate/Unknown, - , - , - , - , - , - , - , - , - , - , - , - , - , - ,,,,,,,,,,,,,,,,,
 VIC ," 14,693 "," 89,040 "," 321,455 "," 334,590 "," 349,615 "," 343,299 "," 345,927 "," 366,544 "," 342,544 "," 339,132 "," 306,111 "," 277,138 "," 609,092 "," 4,039,180 ",,,,,,,,,,,,,,,,,
Aston, 378 ," 2,439 "," 8,788 "," 7,968 "," 7,520 "," 7,725 "," 7,800 "," 8,652 "," 8,686 "," 8,845 "," 7,827 "," 6,753 "," 12,902 "," 96,283 ",,,,,,,,,,,,,,,,,
Female, 191 ," 1,225 "," 4,382 "," 3,931 "," 3,671 "," 3,887 "," 3,995 "," 4,578 "," 4,541 "," 4,545 "," 4,073 "," 3,511 "," 7,080 "," 49,610 ",,,,,,,,,,,,,,,,,
Male, 187 ," 1,214 "," 4,403 "," 4,035 "," 3,849 "," 3,838 "," 3,804 "," 4,074 "," 4,145 "," 4,300 "," 3,754 "," 3,242 "," 5,822 "," 46,667 ",,,,,,,,,,,,,,,,,
Indeterminate/Unknown, - , - , 3 , 2 , - , - , 1 , - , - , - , - , - , - , 6 ,,,,,,,,,,,,,,,,,
Ballarat, 449 ," 2,648 "," 9,475 "," 8,972 "," 8,664 "," 8,711 "," 9,211 "," 10,114 "," 9,664 "," 9,984 "," 9,302 "," 8,801 "," 17,651 "," 113,646 ",,,,,,,,,,,,,,,,,
Female, 237 ," 1,315 "," 4,724 "," 4,475 "," 4,408 "," 4,550 "," 4,777 "," 5,281 "," 5,025 "," 5,172 "," 4,856 "," 4,551 "," 9,777 "," 59,148 ",,,,,,,,,,,,,,,,,
Male, 212 ," 1,332 "," 4,750 "," 4,497 "," 4,256 "," 4,161 "," 4,434 "," 4,833 "," 4,639 "," 4,811 "," 4,445 "," 4,250 "," 7,874 "," 54,494 ",,,,,,,,,,,,,,,,,
Indeterminate/Unknown, - , 1 , 1 , - , - , - , - , - , - , 1 , 1 , - , - , 4 ,,,,,,,,,,,,,,,,,
Batman, 290 ," 1,786 "," 7,927 "," 10,688 "," 11,702 "," 11,098 "," 10,715 "," 10,888 "," 8,908 "," 8,025 "," 6,743 "," 5,601 "," 15,473 "," 109,844 ",,,,,,,,,,,,,,,,,
Female, 144 , 924 ," 4,164 "," 5,629 "," 5,985 "," 5,813 "," 5,439 "," 5,578 "," 4,650 "," 4,158 "," 3,523 "," 2,983 "," 8,637 "," 57,627 ",,,,,,,,,,,,,,,,,
Male, 146 , 861 ," 3,757 "," 5,054 "," 5,709 "," 5,282 "," 5,273 "," 5,309 "," 4,258 "," 3,867 "," 3,218 "," 2,618 "," 6,836 "," 52,188 ",,,,,,,,,,,,,,,,,
Indeterminate/Unknown, - , 1 , 6 , 5 , 8 , 3 , 3 , 1 , - , - , 2 , - , - , 29 ,,,,,,,,,,,,,,,,,
Bendigo, 464 ," 2,532 "," 8,720 "," 8,281 "," 8,051 "," 7,979 "," 8,770 "," 9,460 "," 9,386 "," 9,999 "," 9,690 "," 9,082 "," 19,041 "," 111,455 ",,,,,,,,,,,,,,,,,
Female, 238 ," 1,293 "," 4,424 "," 4,179 "," 4,109 "," 4,137 "," 4,626 "," 4,899 "," 4,872 "," 5,208 "," 5,040 "," 4,665 "," 10,221 "," 57,911 ",,,,,,,,,,,,,,,,,
Male, 226 ," 1,239 "," 4,296 "," 4,102 "," 3,941 "," 3,842 "," 4,143 "," 4,561 "," 4,514 "," 4,791 "," 4,650 "," 4,417 "," 8,820 "," 53,542 ",,,,,,,,,,,,,,,,,
Indeterminate/Unknown, - , - , - , - , 1 , - , 1 , - , - , - , - , - , - , 2 ,,,,,,,,,,,,,,,,,
Bruce, 369 ," 2,194 "," 7,602 "," 7,256 "," 7,163 "," 7,154 "," 7,518 "," 8,131 "," 7,944 "," 7,948 "," 7,326 "," 7,086 "," 18,114 "," 95,805 ",,,,,,,,,,,,,,,,,
Female, 178 ," 1,054 "," 3,582 "," 3,355 "," 3,332 "," 3,406 "," 3,680 "," 4,109 "," 4,043 "," 4,062 "," 3,804 "," 3,780 "," 9,734 "," 48,119 ",,,,,,,,,,,,,,,,,
Male, 191 ," 1,140 "," 4,020 "," 3,900 "," 3,830 "," 3,747 "," 3,838 "," 4,022 "," 3,901 "," 3,886 "," 3,522 "," 3,306 "," 8,380 "," 47,683 ",,,,,,,,,,,,,,,,,
Indeterminate/Unknown, - , - , - , 1 , 1 , 1 , - , - , - , - , - , - , - , 3 ,,,,,,,,,,,,,,,,,
Calwell, 511 ," 3,133 "," 10,955 "," 10,213 "," 9,604 "," 9,045 "," 9,214 "," 10,659 "," 10,836 "," 9,937 "," 8,230 "," 6,869 "," 12,583 "," 111,789 ",,,,,,,,,,,,,,,,,
Female, 286 ," 1,576 "," 5,411 "," 5,003 "," 4,785 "," 4,578 "," 4,713 "," 5,552 "," 5,554 "," 5,042 "," 4,128 "," 3,584 "," 6,460 "," 56,672 ",,,,,,,,,,,,,,,,,
Male, 225 ," 1,557 "," 5,542 "," 5,210 "," 4,819 "," 4,467 "," 4,501 "," 5,107 "," 5,282 "," 4,895 "," 4,102 "," 3,285 "," 6,122 "," 55,114 ",,,,,,,,,,,,,,,,,
Indeterminate/Unknown, - , - , 2 , - , - , - , - , - , - , - , - , - , 1 , 3 ,,,,,,,,,,,,,,,,,
Casey, 362 ," 2,419 "," 8,610 "," 8,774 "," 8,851 "," 8,288 "," 8,774 "," 9,660 "," 9,171 "," 9,232 "," 8,401 "," 7,578 "," 14,582 "," 104,702 ",,,,,,,,,,,,,,,,,
Female, 196 ," 1,174 "," 4,268 "," 4,352 "," 4,552 "," 4,205 "," 4,489 "," 5,057 "," 4,782 "," 4,745 "," 4,344 "," 4,022 "," 7,804 "," 53,990 ",,,,,,,,,,,,,,,,,
Male, 166 ," 1,245 "," 4,340 "," 4,422 "," 4,299 "," 4,083 "," 4,284 "," 4,603 "," 4,388 "," 4,487 "," 4,057 "," 3,556 "," 6,778 "," 50,708 ",,,,,,,,,,,,,,,,,
Indeterminate/Unknown, - , - , 2 , - , - , - , 1 , - , 1 , - , - , - , - , 4 ,,,,,,,,,,,,,,,,,
Chisholm, 372 ," 2,293 "," 8,361 "," 7,343 "," 7,310 "," 7,445 "," 7,886 "," 9,200 "," 8,341 "," 7,822 "," 6,691 "," 5,914 "," 18,552 "," 97,530 ",,,,,,,,,,,,,,,,,
Female, 202 ," 1,199 "," 4,180 "," 3,467 "," 3,412 "," 3,748 "," 3,972 "," 4,847 "," 4,250 "," 4,051 "," 3,565 "," 3,189 "," 10,705 "," 50,787 ",,,,,,,,,,,,,,,,,
Male, 170 ," 1,094 "," 4,179 "," 3,876 "," 3,898 "," 3,697 "," 3,914 "," 4,353 "," 4,091 "," 3,771 "," 3,126 "," 2,725 "," 7,847 "," 46,741 ",,,,,,,,,,,,,,,,,
Indeterminate/Unknown, - , - , 2 , - , - , - , - , - , - , - , - , - , - , 2 ,,,,,,,,,,,,,,,,,
Corangamite, 428 ," 2,497 "," 8,574 "," 7,970 "," 8,722 "," 8,956 "," 9,735 "," 9,926 "," 9,119 "," 9,807 "," 9,840 "," 9,116 "," 18,947 "," 113,637 ",,,,,,,,,,,,,,,,,
Female, 219 ," 1,229 "," 4,255 "," 3,929 "," 4,519 "," 4,575 "," 4,985 "," 5,196 "," 4,778 "," 5,099 "," 5,055 "," 4,728 "," 10,370 "," 58,937 ",,,,,,,,,,,,,,,,,
Male, 209 ," 1,267 "," 4,319 "," 4,041 "," 4,202 "," 4,381 "," 4,750 "," 4,730 "," 4,341 "," 4,708 "," 4,784 "," 4,388 "," 8,577 "," 54,697 ",,,,,,,,,,,,,,,,,
Indeterminate/Unknown, - , 1 , - , - , 1 , - , - , - , - , - , 1 , - , - , 3 ,,,,,,,,,,,,,,,,,
Corio, 375 ," 2,424 "," 9,038 "," 8,984 "," 8,516 "," 8,004 "," 8,618 "," 9,158 "," 9,258 "," 9,450 "," 9,039 "," 8,554 "," 18,970 "," 110,388 ",,,,,,,,,,,,,,,,,
Female, 193 ," 1,238 "," 4,605 "," 4,634 "," 4,418 "," 4,097 "," 4,481 "," 4,755 "," 4,809 "," 5,023 "," 4,768 "," 4,500 "," 10,428 "," 57,949 ",,,,,,,,,,,,,,,,,
Male, 182 ," 1,183 "," 4,431 "," 4,350 "," 4,098 "," 3,907 "," 4,137 "," 4,403 "," 4,449 "," 4,427 "," 4,271 "," 4,054 "," 8,542 "," 52,434 ",,,,,,,,,,,,,,,,,
Indeterminate/Unknown, - , 3 , 2 , - , - , - , - , - , - , - , - , - , - , 5 ,,,,,,,,,,,,,,,,,
Deakin, 334 ," 2,174 "," 7,458 "," 7,257 "," 8,043 "," 8,557 "," 9,108 "," 9,331 "," 8,346 "," 7,774 "," 6,960 "," 6,573 "," 18,072 "," 99,987 ",,,,,,,,,,,,,,,,,
Female, 171 ," 1,113 "," 3,673 "," 3,584 "," 4,032 "," 4,322 "," 4,629 "," 4,861 "," 4,289 "," 4,010 "," 3,693 "," 3,634 "," 10,335 "," 52,346 ",,,,,,,,,,,,,,,,,
Male, 163 ," 1,060 "," 3,784 "," 3,672 "," 4,009 "," 4,235 "," 4,479 "," 4,470 "," 4,057 "," 3,764 "," 3,267 "," 2,939 "," 7,737 "," 47,636 ",,,,,,,,,,,,,,,,,
Indeterminate/Unknown, - , 1 , 1 , 1 , 2 , - , - , - , - , - , - , - , - , 5 ,,,,,,,,,,,,,,,,,
Dunkley, 296 ," 2,261 "," 8,173 "," 8,021 "," 8,141 "," 8,102 "," 8,760 "," 9,560 "," 8,828 "," 9,026 "," 8,150 "," 7,934 "," 19,034 "," 106,286 ",,,,,,,,,,,,,,,,,
Female, 142 ," 1,132 "," 4,166 "," 3,990 "," 4,212 "," 4,187 "," 4,520 "," 4,962 "," 4,581 "," 4,762 "," 4,329 "," 4,308 "," 10,626 "," 55,917 ",,,,,,,,,,,,,,,,,
Male, 154 ," 1,129 "," 4,006 "," 4,030 "," 3,929 "," 3,915 "," 4,240 "," 4,598 "," 4,247 "," 4,264 "," 3,821 "," 3,626 "," 8,408 "," 50,367 ",,,,,,,,,,,,,,,,,
Indeterminate/Unknown, - , - , 1 , 1 , - , - , - , - , - , - , - , - , - , 2 ,,,,,,,,,,,,,,,,,
Flinders, 353 ," 2,334 "," 7,703 "," 7,533 "," 7,440 "," 7,663 "," 8,773 "," 10,092 "," 9,678 "," 10,485 "," 10,627 "," 10,811 "," 24,766 "," 118,258 ",,,,,,,,,,,,,,,,,
Female, 164 ," 1,174 "," 3,744 "," 3,820 "," 3,921 "," 3,947 "," 4,534 "," 5,265 "," 5,000 "," 5,423 "," 5,546 "," 5,625 "," 13,029 "," 61,192 ",,,,,,,,,,,,,,,,,
Male, 189 ," 1,160 "," 3,959 "," 3,713 "," 3,519 "," 3,716 "," 4,239 "," 4,827 "," 4,678 "," 5,060 "," 5,081 "," 5,185 "," 11,737 "," 57,063 ",,,,,,,,,,,,,,,,,
Indeterminate/Unknown, - , - , - , - , - , - , - , - , - , 2 , - , 1 , - , 3 ,,,,,,,,,,,,,,,,,
Gellibrand, 283 ," 1,900 "," 7,733 "," 9,439 "," 11,075 "," 11,449 "," 10,940 "," 10,514 "," 9,251 "," 8,826 "," 7,299 "," 6,110 "," 15,060 "," 109,879 ",,,,,,,,,,,,,,,,,
Female, 150 , 919 ," 3,841 "," 4,797 "," 5,456 "," 5,639 "," 5,514 "," 5,325 "," 4,687 "," 4,391 "," 3,688 "," 3,180 "," 8,438 "," 56,025 ",,,,,,,,,,,,,,,,,
Male, 133 , 981 ," 3,890 "," 4,640 "," 5,618 "," 5,809 "," 5,425 "," 5,188 "," 4,563 "," 4,435 "," 3,611 "," 2,930 "," 6,622 "," 53,845 ",,,,,,,,,,,,,,,,,
Indeterminate/Unknown, - , - , 2 , 2 , 1 , 1 , 1 , 1 , 1 , - , - , - , - , 9 ,,,,,,,,,,,,,,,,,
Gippsland, 312 ," 2,088 "," 7,441 "," 7,308 "," 7,342 "," 6,907 "," 7,251 "," 8,191 "," 8,713 "," 10,016 "," 10,129 "," 9,856 "," 20,136 "," 105,690 ",,,,,,,,,,,,,,,,,
Female, 142 ," 1,035 "," 3,628 "," 3,735 "," 3,730 "," 3,542 "," 3,724 "," 4,244 "," 4,557 "," 5,209 "," 5,212 "," 4,814 "," 10,526 "," 54,098 ",,,,,,,,,,,,,,,,,
Male, 170 ," 1,053 "," 3,813 "," 3,573 "," 3,611 "," 3,364 "," 3,527 "," 3,947 "," 4,156 "," 4,807 "," 4,917 "," 5,042 "," 9,610 "," 51,590 ",,,,,,,,,,,,,,,,,
Indeterminate/Unknown, - , - , - , - , 1 , 1 , - , - , - , - , - , - , - , 2 ,,,,,,,,,,,,,,,,,
Goldstein, 542 ," 2,480 "," 7,883 "," 6,537 "," 6,542 "," 7,318 "," 9,180 "," 11,165 "," 10,239 "," 9,767 "," 8,497 "," 7,627 "," 18,471 "," 106,248 ",,,,,,,,,,,,,,,,,
Female, 271 ," 1,241 "," 3,845 "," 3,252 "," 3,365 "," 3,842 "," 4,912 "," 5,938 "," 5,344 "," 5,084 "," 4,392 "," 4,041 "," 10,586 "," 56,113 ",,,,,,,,,,,,,,,,,
Male, 271 ," 1,239 "," 4,038 "," 3,285 "," 3,177 "," 3,476 "," 4,268 "," 5,227 "," 4,894 "," 4,683 "," 4,105 "," 3,586 "," 7,885 "," 50,134 ",,,,,,,,,,,,,,,,,
Indeterminate/Unknown, - , - , - , - , - , - , - , - , 1 , - , - , - , - , 1 ,,,,,,,,,,,,,,,,,
Gorton, 460 ," 2,982 "," 10,460 "," 10,877 "," 12,781 "," 13,725 "," 13,186 "," 11,906 "," 9,768 "," 9,155 "," 8,352 "," 7,134 "," 9,902 "," 120,688 ",,,,,,,,,,,,,,,,,
Female, 231 ," 1,535 "," 5,213 "," 5,623 "," 6,628 "," 6,988 "," 6,626 "," 6,125 "," 4,964 "," 4,702 "," 4,319 "," 3,584 "," 5,055 "," 61,593 ",,,,,,,,,,,,,,,,,
Male, 229 ," 1,447 "," 5,247 "," 5,254 "," 6,153 "," 6,737 "," 6,560 "," 5,781 "," 4,804 "," 4,453 "," 4,033 "," 3,550 "," 4,847 "," 59,095 ",,,,,,,,,,,,,,,,,
Indeterminate/Unknown, - , - , - , - , - , - , - , - , - , - , - , - , - , - ,,,,,,,,,,,,,,,,,
Higgins, 404 ," 2,009 "," 8,192 "," 11,156 "," 10,999 "," 9,232 "," 8,526 "," 9,358 "," 8,382 "," 7,926 "," 6,900 "," 6,452 "," 15,614 "," 105,150 ",,,,,,,,,,,,,,,,,
Female, 204 ," 1,034 "," 4,373 "," 5,777 "," 5,481 "," 4,649 "," 4,314 "," 4,839 "," 4,306 "," 4,133 "," 3,665 "," 3,443 "," 8,802 "," 55,020 ",,,,,,,,,,,,,,,,,
Male, 200 , 975 ," 3,819 "," 5,379 "," 5,518 "," 4,583 "," 4,212 "," 4,519 "," 4,076 "," 3,793 "," 3,235 "," 3,008 "," 6,812 "," 50,129 ",,,,,,,,,,,,,,,,,
Indeterminate/Unknown, - , - , - , - , - , - , - , - , - , - , - , 1 , - , 1 ,,,,,,,,,,,,,,,,,
Holt, 476 ," 3,155 "," 11,300 "," 11,511 "," 13,161 "," 12,865 "," 11,336 "," 11,152 "," 10,236 "," 9,863 "," 8,152 "," 6,600 "," 11,475 "," 121,282 ",,,,,,,,,,,,,,,,,
Female, 245 ," 1,584 "," 5,537 "," 5,778 "," 6,673 "," 6,302 "," 5,496 "," 5,657 "," 5,233 "," 4,999 "," 4,108 "," 3,386 "," 6,119 "," 61,117 ",,,,,,,,,,,,,,,,,
Male, 231 ," 1,571 "," 5,763 "," 5,733 "," 6,487 "," 6,563 "," 5,839 "," 5,495 "," 5,003 "," 4,864 "," 4,044 "," 3,214 "," 5,356 "," 60,163 ",,,,,,,,,,,,,,,,,
Indeterminate/Unknown, - , - , - , - , 1 , - , 1 , - , - , - , - , - , - , 2 ,,,,,,,,,,,,,,,,,
Hotham, 311 ," 2,096 "," 7,512 "," 6,923 "," 7,665 "," 8,585 "," 9,049 "," 9,774 "," 8,695 "," 8,371 "," 7,308 "," 6,578 "," 17,483 "," 100,350 ",,,,,,,,,,,,,,,,,
Female, 160 ," 1,050 "," 3,586 "," 3,338 "," 3,773 "," 4,296 "," 4,624 "," 5,101 "," 4,364 "," 4,203 "," 3,812 "," 3,565 "," 9,693 "," 51,565 ",,,,,,,,,,,,,,,,,
Male, 151 ," 1,046 "," 3,925 "," 3,585 "," 3,892 "," 4,289 "," 4,425 "," 4,673 "," 4,331 "," 4,168 "," 3,496 "," 3,013 "," 7,790 "," 48,784 ",,,,,,,,,,,,,,,,,
Indeterminate/Unknown, - , - , 1 , - , - , - , - , - , - , - , - , - , - , 1 ,,,,,,,,,,,,,,,,,
Indi, 365 ," 2,114 "," 7,222 "," 6,834 "," 6,961 "," 7,035 "," 7,695 "," 8,996 "," 9,106 "," 10,363 "," 10,109 "," 9,320 "," 19,443 "," 105,563 ",,,,,,,,,,,,,,,,,
Female, 191 ," 1,079 "," 3,518 "," 3,369 "," 3,590 "," 3,639 "," 3,989 "," 4,683 "," 4,661 "," 5,366 "," 5,115 "," 4,607 "," 10,264 "," 54,071 ",,,,,,,,,,,,,,,,,
Male, 174 ," 1,035 "," 3,704 "," 3,465 "," 3,371 "," 3,396 "," 3,706 "," 4,313 "," 4,445 "," 4,997 "," 4,994 "," 4,713 "," 9,179 "," 51,492 ",,,,,,,,,,,,,,,,,
Indeterminate/Unknown, - , - , - , - , - , - , - , - , - , - , - , - , - , - ,,,,,,,,,,,,,,,,,
Isaacs, 365 ," 2,367 "," 8,310 "," 8,082 "," 9,218 "," 9,702 "," 10,227 "," 10,641 "," 9,490 "," 8,911 "," 7,827 "," 6,940 "," 15,084 "," 107,164 ",,,,,,,,,,,,,,,,,
Female, 188 ," 1,185 "," 4,144 "," 4,060 "," 4,779 "," 5,017 "," 5,209 "," 5,463 "," 4,833 "," 4,440 "," 4,077 "," 3,651 "," 8,422 "," 55,468 ",,,,,,,,,,,,,,,,,
Male, 177 ," 1,180 "," 4,164 "," 4,022 "," 4,439 "," 4,685 "," 5,017 "," 5,178 "," 4,657 "," 4,471 "," 3,750 "," 3,289 "," 6,662 "," 51,691 ",,,,,,,,,,,,,,,,,
Indeterminate/Unknown, - , 2 , 2 , - , - , - , 1 , - , - , - , - , - , - , 5 ,,,,,,,,,,,,,,,,,
Jagajaga, 389 ," 2,356 "," 8,045 "," 7,805 "," 8,040 "," 8,657 "," 9,446 "," 9,712 "," 8,966 "," 9,169 "," 8,414 "," 7,280 "," 15,597 "," 103,876 ",,,,,,,,,,,,,,,,,
Female, 215 ," 1,171 "," 3,980 "," 3,849 "," 4,067 "," 4,434 "," 4,926 "," 4,979 "," 4,668 "," 4,792 "," 4,489 "," 3,794 "," 8,644 "," 54,008 ",,,,,,,,,,,,,,,,,
Male, 174 ," 1,185 "," 4,064 "," 3,955 "," 3,973 "," 4,223 "," 4,518 "," 4,733 "," 4,298 "," 4,376 "," 3,924 "," 3,486 "," 6,953 "," 49,862 ",,,,,,,,,,,,,,,,,
Indeterminate/Unknown, - , - , 1 , 1 , - , - , 2 , - , - , 1 , 1 , - , - , 6 ,,,,,,,,,,,,,,,,,
Kooyong, 520 ," 2,602 "," 9,424 "," 8,668 "," 7,192 "," 6,908 "," 7,551 "," 9,189 "," 9,210 "," 8,564 "," 7,588 "," 6,669 "," 16,372 "," 100,457 ",,,,,,,,,,,,,,,,,
Female, 266 ," 1,342 "," 4,680 "," 4,270 "," 3,585 "," 3,571 "," 4,076 "," 5,029 "," 4,804 "," 4,470 "," 3,991 "," 3,531 "," 9,305 "," 52,920 ",,,,,,,,,,,,,,,,,
Male, 254 ," 1,260 "," 4,744 "," 4,397 "," 3,604 "," 3,337 "," 3,475 "," 4,160 "," 4,406 "," 4,094 "," 3,597 "," 3,138 "," 7,067 "," 47,533 ",,,,,,,,,,,,,,,,,
Indeterminate/Unknown, - , - , - , 1 , 3 , - , - , - , - , - , - , - , - , 4 ,,,,,,,,,,,,,,,,,
La Trobe, 508 ," 3,124 "," 10,006 "," 8,582 "," 8,663 "," 9,655 "," 10,918 "," 11,621 "," 10,422 "," 9,686 "," 8,020 "," 6,739 "," 11,808 "," 109,752 ",,,,,,,,,,,,,,,,,
Female, 255 ," 1,524 "," 4,936 "," 4,216 "," 4,475 "," 4,959 "," 5,721 "," 6,030 "," 5,294 "," 4,901 "," 4,055 "," 3,475 "," 6,261 "," 56,102 ",,,,,,,,,,,,,,,,,
Male, 253 ," 1,599 "," 5,070 "," 4,365 "," 4,187 "," 4,696 "," 5,197 "," 5,590 "," 5,128 "," 4,785 "," 3,964 "," 3,264 "," 5,547 "," 53,645 ",,,,,,,,,,,,,,,,,
Indeterminate/Unknown, - , 1 , - , 1 , 1 , - , - , 1 , - , - , 1 , - , - , 5 ,,,,,,,,,,,,,,,,,
Lalor, 507 ," 3,139 "," 10,895 "," 11,548 "," 16,334 "," 16,946 "," 13,839 "," 12,572 "," 10,911 "," 9,504 "," 7,717 "," 6,243 "," 10,265 "," 130,420 ",,,,,,,,,,,,,,,,,
Female, 271 ," 1,557 "," 5,518 "," 5,893 "," 8,235 "," 8,006 "," 6,657 "," 6,274 "," 5,466 "," 4,759 "," 3,853 "," 3,198 "," 5,533 "," 65,220 ",,,,,,,,,,,,,,,,,
Male, 236 ," 1,580 "," 5,375 "," 5,652 "," 8,098 "," 8,940 "," 7,181 "," 6,297 "," 5,444 "," 4,745 "," 3,864 "," 3,045 "," 4,732 "," 65,189 ",,,,,,,,,,,,,,,,,
Indeterminate/Unknown, - , 2 , 2 , 3 , 1 , - , 1 , 1 , 1 , - , - , - , - , 11 ,,,,,,,,,,,,,,,,,
Mallee, 400 ," 2,217 "," 7,213 "," 7,059 "," 6,415 "," 6,249 "," 6,929 "," 8,071 "," 8,578 "," 9,582 "," 9,033 "," 8,387 "," 20,036 "," 100,169 ",,,,,,,,,,,,,,,,,
Female, 222 ," 1,110 "," 3,639 "," 3,495 "," 3,200 "," 3,216 "," 3,601 "," 4,204 "," 4,332 "," 4,820 "," 4,471 "," 4,144 "," 10,822 "," 51,276 ",,,,,,,,,,,,,,,,,
Male, 178 ," 1,107 "," 3,574 "," 3,564 "," 3,215 "," 3,031 "," 3,328 "," 3,867 "," 4,246 "," 4,762 "," 4,562 "," 4,243 "," 9,213 "," 48,890 ",,,,,,,,,,,,,,,,,
Indeterminate/Unknown, - , - , - , - , - , 2 , - , - , - , - , - , - , 1 , 3 ,,,,,,,,,,,,,,,,,
Maribyrnong, 405 ," 2,273 "," 9,131 "," 9,561 "," 9,733 "," 9,387 "," 9,630 "," 10,439 "," 9,524 "," 9,282 "," 8,304 "," 7,312 "," 17,689 "," 112,670 ",,,,,,,,,,,,,,,,,
Female, 222 ," 1,143 "," 4,608 "," 4,801 "," 4,845 "," 4,682 "," 4,955 "," 5,281 "," 4,859 "," 4,718 "," 4,311 "," 3,902 "," 9,783 "," 58,110 ",,,,,,,,,,,,,,,,,
Male, 183 ," 1,130 "," 4,523 "," 4,760 "," 4,888 "," 4,704 "," 4,675 "," 5,158 "," 4,665 "," 4,564 "," 3,993 "," 3,410 "," 7,906 "," 54,559 ",,,,,,,,,,,,,,,,,
Indeterminate/Unknown, - , - , - , - , - , 1 , - , - , - , - , - , - , - , 1 ,,,,,,,,,,,,,,,,,
McEwen, 571 ," 3,506 "," 11,674 "," 12,554 "," 14,136 "," 14,201 "," 13,729 "," 13,711 "," 12,143 "," 11,228 "," 9,482 "," 8,171 "," 13,467 "," 138,573 ",,,,,,,,,,,,,,,,,
Female, 299 ," 1,797 "," 5,936 "," 6,400 "," 7,319 "," 7,169 "," 7,000 "," 7,076 "," 6,241 "," 5,690 "," 4,891 "," 4,158 "," 6,987 "," 70,963 ",,,,,,,,,,,,,,,,,
Male, 271 ," 1,709 "," 5,738 "," 6,154 "," 6,817 "," 7,031 "," 6,729 "," 6,635 "," 5,901 "," 5,538 "," 4,591 "," 4,013 "," 6,480 "," 67,607 ",,,,,,,,,,,,,,,,,
Indeterminate/Unknown, 1 , - , - , - , - , 1 , - , - , 1 , - , - , - , - , 3 ,,,,,,,,,,,,,,,,,
McMillan, 440 ," 2,599 "," 9,180 "," 9,360 "," 9,629 "," 8,957 "," 9,030 "," 9,989 "," 9,745 "," 10,273 "," 9,962 "," 9,822 "," 20,933 "," 119,919 ",,,,,,,,,,,,,,,,,
Female, 242 ," 1,322 "," 4,676 "," 4,792 "," 4,937 "," 4,611 "," 4,656 "," 5,198 "," 5,025 "," 5,325 "," 5,172 "," 5,134 "," 11,211 "," 62,301 ",,,,,,,,,,,,,,,,,
Male, 198 ," 1,276 "," 4,503 "," 4,568 "," 4,692 "," 4,346 "," 4,374 "," 4,791 "," 4,720 "," 4,948 "," 4,790 "," 4,688 "," 9,722 "," 57,616 ",,,,,,,,,,,,,,,,,
Indeterminate/Unknown, - , 1 , 1 , - , - , - , - , - , - , - , - , - , - , 2 ,,,,,,,,,,,,,,,,,
Melbourne, 152 ," 1,482 "," 9,699 "," 17,662 "," 17,714 "," 13,128 "," 9,709 "," 8,686 "," 7,332 "," 6,919 "," 6,198 "," 5,274 "," 9,932 "," 113,887 ",,,,,,,,,,,,,,,,,
Female, 74 , 820 ," 5,200 "," 9,033 "," 8,752 "," 6,314 "," 4,636 "," 4,343 "," 3,610 "," 3,471 "," 3,265 "," 2,732 "," 5,444 "," 57,694 ",,,,,,,,,,,,,,,,,
Male, 78 , 662 ," 4,496 "," 8,625 "," 8,958 "," 6,814 "," 5,073 "," 4,343 "," 3,722 "," 3,448 "," 2,933 "," 2,542 "," 4,488 "," 56,182 ",,,,,,,,,,,,,,,,,
Indeterminate/Unknown, - , - , 3 , 4 , 4 , - , - , - , - , - , - , - , - , 11 ,,,,,,,,,,,,,,,,,
Melbourne Ports, 182 ," 1,316 "," 6,525 "," 10,975 "," 13,135 "," 11,353 "," 9,789 "," 9,242 "," 7,835 "," 7,715 "," 6,855 "," 6,289 "," 12,367 "," 103,578 ",,,,,,,,,,,,,,,,,
Female, 87 , 681 ," 3,477 "," 5,760 "," 6,674 "," 5,784 "," 4,906 "," 4,797 "," 4,020 "," 3,910 "," 3,544 "," 3,230 "," 6,617 "," 53,487 ",,,,,,,,,,,,,,,,,
Male, 95 , 635 ," 3,043 "," 5,213 "," 6,459 "," 5,567 "," 4,883 "," 4,445 "," 3,815 "," 3,805 "," 3,311 "," 3,059 "," 5,750 "," 50,080 ",,,,,,,,,,,,,,,,,
Indeterminate/Unknown, - , - , 5 , 2 , 2 , 2 , - , - , - , - , - , - , - , 11 ,,,,,,,,,,,,,,,,,
Menzies, 469 ," 2,601 "," 8,130 "," 6,733 "," 6,081 "," 6,574 "," 7,458 "," 9,204 "," 9,153 "," 8,899 "," 7,638 "," 7,176 "," 19,100 "," 99,216 ",,,,,,,,,,,,,,,,,
Female, 220 ," 1,253 "," 3,942 "," 3,212 "," 3,092 "," 3,360 "," 3,873 "," 4,851 "," 4,830 "," 4,567 "," 4,036 "," 3,873 "," 10,250 "," 51,359 ",,,,,,,,,,,,,,,,,
Male, 249 ," 1,348 "," 4,188 "," 3,521 "," 2,988 "," 3,214 "," 3,585 "," 4,353 "," 4,323 "," 4,332 "," 3,602 "," 3,303 "," 8,850 "," 47,856 ",,,,,,,,,,,,,,,,,
Indeterminate/Unknown, - , - , - , - , 1 , - , - , - , - , - , - , - , - , 1 ,,,,,,,,,,,,,,,,,
Murray, 416 ," 2,453 "," 7,619 "," 7,135 "," 6,774 "," 6,753 "," 7,590 "," 8,651 "," 8,981 "," 9,813 "," 9,547 "," 9,027 "," 20,908 "," 105,667 ",,,,,,,,,,,,,,,,,
Female, 232 ," 1,220 "," 3,770 "," 3,572 "," 3,496 "," 3,509 "," 3,859 "," 4,415 "," 4,645 "," 4,921 "," 4,866 "," 4,474 "," 10,929 "," 53,908 ",,,,,,,,,,,,,,,,,
Male, 184 ," 1,233 "," 3,848 "," 3,563 "," 3,278 "," 3,244 "," 3,731 "," 4,236 "," 4,336 "," 4,892 "," 4,681 "," 4,553 "," 9,979 "," 51,758 ",,,,,,,,,,,,,,,,,
Indeterminate/Unknown, - , - , 1 , - , - , - , - , - , - , - , - , - , - , 1 ,,,,,,,,,,,,,,,,,
Scullin, 528 ," 2,833 "," 10,012 "," 9,789 "," 10,419 "," 10,218 "," 9,966 "," 10,415 "," 10,072 "," 9,585 "," 8,224 "," 7,201 "," 14,021 "," 113,283 ",,,,,,,,,,,,,,,,,
Female, 261 ," 1,450 "," 4,927 "," 4,835 "," 5,111 "," 4,985 "," 5,018 "," 5,366 "," 5,219 "," 4,991 "," 4,253 "," 3,720 "," 7,357 "," 57,493 ",,,,,,,,,,,,,,,,,
Male, 267 ," 1,383 "," 5,085 "," 4,953 "," 5,306 "," 5,233 "," 4,948 "," 5,049 "," 4,853 "," 4,594 "," 3,971 "," 3,481 "," 6,664 "," 55,787 ",,,,,,,,,,,,,,,,,
Indeterminate/Unknown, - , - , - , 1 , 2 , - , - , - , - , - , - , - , - , 3 ,,,,,,,,,,,,,,,,,
Wannon, 419 ," 2,345 "," 7,351 "," 6,272 "," 6,027 "," 6,168 "," 7,075 "," 8,195 "," 8,732 "," 9,534 "," 9,381 "," 8,913 "," 19,528 "," 99,940 ",,,,,,,,,,,,,,,,,
Female, 225 ," 1,184 "," 3,585 "," 3,062 "," 3,100 "," 3,181 "," 3,509 "," 4,250 "," 4,495 "," 4,875 "," 4,732 "," 4,400 "," 10,480 "," 51,078 ",,,,,,,,,,,,,,,,,
Male, 194 ," 1,160 "," 3,765 "," 3,210 "," 2,927 "," 2,987 "," 3,566 "," 3,945 "," 4,237 "," 4,659 "," 4,648 "," 4,513 "," 9,047 "," 48,858 ",,,,,,,,,,,,,,,,,
Indeterminate/Unknown, - , 1 , 1 , - , - , - , - , - , - , - , 1 , - , 1 , 4 ,,,,,,,,,,,,,,,,,
Wills, 288 ," 1,869 "," 9,114 "," 12,960 "," 13,852 "," 12,600 "," 10,996 "," 10,319 "," 8,895 "," 7,847 "," 6,349 "," 5,346 "," 15,714 "," 116,149 ",,,,,,,,,,,,,,,,,
Female, 168 , 909 ," 4,852 "," 6,622 "," 6,959 "," 6,370 "," 5,548 "," 5,243 "," 4,585 "," 4,033 "," 3,343 "," 2,855 "," 8,948 "," 60,435 ",,,,,,,,,,,,,,,,,
Male, 120 , 959 ," 4,257 "," 6,332 "," 6,890 "," 6,229 "," 5,446 "," 5,075 "," 4,310 "," 3,814 "," 3,006 "," 2,491 "," 6,766 "," 55,695 ",,,,,,,,,,,,,,,,,
Indeterminate/Unknown, - , 1 , 5 , 6 , 3 , 1 , 2 , 1 , - , - , - , - , - , 19 ,,,,,,,,,,,,,,,,,
 QLD ," 8,781 "," 72,664 "," 256,754 "," 256,582 "," 260,536 "," 257,380 "," 270,202 "," 284,345 "," 268,864 "," 269,315 "," 242,601 "," 225,266 "," 456,795 "," 3,130,085 ",,,,,,,,,,,,,,,,,
Blair, 231 ," 2,462 "," 9,196 "," 9,480 "," 9,701 "," 8,578 "," 8,666 "," 8,955 "," 8,609 "," 8,618 "," 7,381 "," 6,645 "," 13,012 "," 101,534 ",,,,,,,,,,,,,,,,,
Female, 120 ," 1,303 "," 4,763 "," 4,876 "," 4,992 "," 4,347 "," 4,353 "," 4,559 "," 4,382 "," 4,461 "," 3,699 "," 3,333 "," 6,955 "," 52,143 ",,,,,,,,,,,,,,,,,
Male, 111 ," 1,158 "," 4,431 "," 4,604 "," 4,708 "," 4,231 "," 4,313 "," 4,394 "," 4,227 "," 4,157 "," 3,682 "," 3,312 "," 6,057 "," 49,385 ",,,,,,,,,,,,,,,,,
Indeterminate/Unknown, - , 1 , 2 , - , 1 , - , - , 2 , - , - , - , - , - , 6 ,,,,,,,,,,,,,,,,,
Bonner, 392 ," 2,651 "," 8,411 "," 7,535 "," 8,337 "," 8,805 "," 9,631 "," 9,709 "," 9,181 "," 8,492 "," 7,237 "," 6,554 "," 14,876 "," 101,811 ",,,,,,,,,,,,,,,,,
Female, 212 ," 1,344 "," 4,243 "," 3,736 "," 4,229 "," 4,522 "," 5,028 "," 5,094 "," 4,707 "," 4,408 "," 3,756 "," 3,419 "," 8,370 "," 53,068 ",,,,,,,,,,,,,,,,,
Male, 180 ," 1,307 "," 4,166 "," 3,799 "," 4,108 "," 4,283 "," 4,603 "," 4,615 "," 4,474 "," 4,084 "," 3,481 "," 3,135 "," 6,506 "," 48,741 ",,,,,,,,,,,,,,,,,
Indeterminate/Unknown, - , - , 2 , - , - , - , - , - , - , - , - , - , - , 2 ,,,,,,,,,,,,,,,,,
Bowman, 319 ," 2,610 "," 8,103 "," 7,151 "," 7,510 "," 7,574 "," 8,640 "," 9,401 "," 9,529 "," 9,924 "," 9,088 "," 8,619 "," 17,021 "," 105,489 ",,,,,,,,,,,,,,,,,
Female, 174 ," 1,315 "," 4,018 "," 3,615 "," 3,792 "," 3,923 "," 4,469 "," 5,009 "," 5,010 "," 5,158 "," 4,735 "," 4,489 "," 9,184 "," 54,891 ",,,,,,,,,,,,,,,,,
Male, 145 ," 1,295 "," 4,085 "," 3,536 "," 3,718 "," 3,651 "," 4,171 "," 4,392 "," 4,518 "," 4,766 "," 4,353 "," 4,130 "," 7,837 "," 50,597 ",,,,,,,,,,,,,,,,,
Indeterminate/Unknown, - , - , - , - , - , - , - , - , 1 , - , - , - , - , 1 ,,,,,,,,,,,,,,,,,
Brisbane, 313 ," 2,413 "," 11,629 "," 14,268 "," 13,052 "," 10,808 "," 9,882 "," 10,146 "," 8,588 "," 7,746 "," 6,360 "," 5,199 "," 9,884 "," 110,288 ",,,,,,,,,,,,,,,,,
Female, 170 ," 1,309 "," 6,274 "," 6,994 "," 6,194 "," 5,255 "," 4,859 "," 5,106 "," 4,164 "," 3,901 "," 3,193 "," 2,587 "," 5,465 "," 55,471 ",,,,,,,,,,,,,,,,,
Male, 143 ," 1,103 "," 5,353 "," 7,272 "," 6,857 "," 5,553 "," 5,022 "," 5,040 "," 4,424 "," 3,845 "," 3,167 "," 2,612 "," 4,419 "," 54,810 ",,,,,,,,,,,,,,,,,
Indeterminate/Unknown, - , 1 , 2 , 2 , 1 , - , 1 , - , - , - , - , - , - , 7 ,,,,,,,,,,,,,,,,,
Capricornia, 287 ," 2,294 "," 7,690 "," 8,299 "," 8,674 "," 8,232 "," 8,291 "," 9,055 "," 8,871 "," 9,219 "," 7,886 "," 6,730 "," 13,450 "," 98,978 ",,,,,,,,,,,,,,,,,
Female, 140 ," 1,219 "," 3,876 "," 4,222 "," 4,376 "," 4,100 "," 4,131 "," 4,562 "," 4,370 "," 4,602 "," 3,776 "," 3,248 "," 7,197 "," 49,819 ",,,,,,,,,,,,,,,,,
Male, 147 ," 1,075 "," 3,814 "," 4,077 "," 4,298 "," 4,132 "," 4,159 "," 4,492 "," 4,501 "," 4,617 "," 4,110 "," 3,482 "," 6,253 "," 49,157 ",,,,,,,,,,,,,,,,,
Indeterminate/Unknown, - , - , - , - , - , - , 1 , 1 , - , - , - , - , - , 2 ,,,,,,,,,,,,,,,,,
Dawson, 312 ," 2,188 "," 8,115 "," 8,561 "," 8,677 "," 8,395 "," 9,036 "," 9,743 "," 9,738 "," 9,873 "," 8,498 "," 7,064 "," 13,860 "," 104,060 ",,,,,,,,,,,,,,,,,
Female, 167 ," 1,127 "," 3,961 "," 4,194 "," 4,353 "," 4,185 "," 4,488 "," 4,883 "," 4,857 "," 4,823 "," 4,185 "," 3,403 "," 7,216 "," 51,842 ",,,,,,,,,,,,,,,,,
Male, 145 ," 1,061 "," 4,154 "," 4,367 "," 4,324 "," 4,210 "," 4,548 "," 4,860 "," 4,880 "," 5,050 "," 4,313 "," 3,661 "," 6,644 "," 52,217 ",,,,,,,,,,,,,,,,,
Indeterminate/Unknown, - , - , - , - , - , - , - , - , 1 , - , - , - , - , 1 ,,,,,,,,,,,,,,,,,
Dickson, 372 ," 2,738 "," 8,583 "," 8,080 "," 8,309 "," 9,185 "," 10,012 "," 10,595 "," 9,180 "," 8,798 "," 7,521 "," 6,879 "," 11,489 "," 101,741 ",,,,,,,,,,,,,,,,,
Female, 185 ," 1,374 "," 4,239 "," 4,036 "," 4,284 "," 4,681 "," 5,216 "," 5,425 "," 4,725 "," 4,478 "," 3,882 "," 3,629 "," 6,035 "," 52,189 ",,,,,,,,,,,,,,,,,
Male, 187 ," 1,364 "," 4,343 "," 4,044 "," 4,025 "," 4,504 "," 4,796 "," 5,170 "," 4,454 "," 4,320 "," 3,639 "," 3,250 "," 5,454 "," 49,550 ",,,,,,,,,,,,,,,,,
Indeterminate/Unknown, - , - , 1 , - , - , - , - , - , 1 , - , - , - , - , 2 ,,,,,,,,,,,,,,,,,
Fadden, 305 ," 2,673 "," 9,318 "," 8,835 "," 8,453 "," 8,669 "," 9,361 "," 9,839 "," 9,217 "," 9,011 "," 8,319 "," 8,239 "," 17,265 "," 109,504 ",,,,,,,,,,,,,,,,,
Female, 168 ," 1,391 "," 4,684 "," 4,500 "," 4,401 "," 4,446 "," 4,840 "," 5,107 "," 4,805 "," 4,727 "," 4,445 "," 4,381 "," 9,160 "," 57,055 ",,,,,,,,,,,,,,,,,
Male, 137 ," 1,282 "," 4,634 "," 4,335 "," 4,052 "," 4,223 "," 4,521 "," 4,732 "," 4,412 "," 4,284 "," 3,874 "," 3,858 "," 8,105 "," 52,449 ",,,,,,,,,,,,,,,,,
Indeterminate/Unknown, - , - , - , - , - , - , - , - , - , - , - , - , - , - ,,,,,,,,,,,,,,,,,
Fairfax, 337 ," 2,504 "," 7,693 "," 7,327 "," 7,725 "," 8,065 "," 9,294 "," 10,172 "," 9,850 "," 10,128 "," 9,574 "," 9,309 "," 19,407 "," 111,385 ",,,,,,,,,,,,,,,,,
Female, 165 ," 1,303 "," 3,961 "," 3,719 "," 3,952 "," 4,178 "," 4,863 "," 5,407 "," 5,311 "," 5,403 "," 5,066 "," 4,838 "," 10,432 "," 58,598 ",,,,,,,,,,,,,,,,,
Male, 172 ," 1,200 "," 3,732 "," 3,607 "," 3,772 "," 3,887 "," 4,431 "," 4,765 "," 4,539 "," 4,725 "," 4,508 "," 4,471 "," 8,975 "," 52,784 ",,,,,,,,,,,,,,,,,
Indeterminate/Unknown, - , 1 , - , 1 , 1 , - , - , - , - , - , - , - , - , 3 ,,,,,,,,,,,,,,,,,
Fisher, 274 ," 2,277 "," 6,997 "," 6,301 "," 6,558 "," 7,195 "," 8,075 "," 8,856 "," 8,505 "," 8,925 "," 8,546 "," 8,763 "," 20,250 "," 101,522 ",,,,,,,,,,,,,,,,,
Female, 147 ," 1,201 "," 3,525 "," 3,178 "," 3,417 "," 3,687 "," 4,154 "," 4,579 "," 4,541 "," 4,747 "," 4,633 "," 4,625 "," 10,832 "," 53,266 ",,,,,,,,,,,,,,,,,
Male, 127 ," 1,076 "," 3,472 "," 3,123 "," 3,140 "," 3,508 "," 3,921 "," 4,277 "," 3,964 "," 4,178 "," 3,913 "," 4,138 "," 9,418 "," 48,255 ",,,,,,,,,,,,,,,,,
Indeterminate/Unknown, - , - , - , - , 1 , - , - , - , - , - , - , - , - , 1 ,,,,,,,,,,,,,,,,,
Flynn, 247 ," 2,069 "," 7,552 "," 8,233 "," 8,931 "," 8,513 "," 8,930 "," 9,479 "," 9,533 "," 9,775 "," 8,110 "," 6,955 "," 12,322 "," 100,649 ",,,,,,,,,,,,,,,,,
Female, 128 ," 1,038 "," 3,804 "," 4,170 "," 4,571 "," 4,189 "," 4,472 "," 4,657 "," 4,683 "," 4,686 "," 3,777 "," 3,260 "," 5,965 "," 49,400 ",,,,,,,,,,,,,,,,,
Male, 119 ," 1,031 "," 3,748 "," 4,063 "," 4,360 "," 4,324 "," 4,458 "," 4,822 "," 4,850 "," 5,089 "," 4,333 "," 3,695 "," 6,357 "," 51,249 ",,,,,,,,,,,,,,,,,
Indeterminate/Unknown, - , - , - , - , - , - , - , - , - , - , - , - , - , - ,,,,,,,,,,,,,,,,,
Forde, 258 ," 2,510 "," 9,138 "," 9,175 "," 9,474 "," 9,140 "," 9,231 "," 9,204 "," 8,091 "," 8,193 "," 7,341 "," 6,966 "," 12,524 "," 101,245 ",,,,,,,,,,,,,,,,,
Female, 140 ," 1,290 "," 4,606 "," 4,728 "," 4,887 "," 4,727 "," 4,700 "," 4,803 "," 4,127 "," 4,299 "," 3,846 "," 3,661 "," 6,715 "," 52,529 ",,,,,,,,,,,,,,,,,
Male, 118 ," 1,219 "," 4,532 "," 4,447 "," 4,586 "," 4,412 "," 4,531 "," 4,401 "," 3,964 "," 3,894 "," 3,495 "," 3,305 "," 5,809 "," 48,713 ",,,,,,,,,,,,,,,,,
Indeterminate/Unknown, - , 1 , - , - , 1 , 1 , - , - , - , - , - , - , - , 3 ,,,,,,,,,,,,,,,,,
Griffith, 259 ," 2,351 "," 10,833 "," 12,687 "," 12,653 "," 11,155 "," 10,479 "," 10,307 "," 8,599 "," 7,705 "," 6,284 "," 5,087 "," 10,431 "," 108,830 ",,,,,,,,,,,,,,,,,
Female, 158 ," 1,209 "," 5,548 "," 6,380 "," 6,289 "," 5,529 "," 5,278 "," 5,180 "," 4,352 "," 3,947 "," 3,252 "," 2,561 "," 5,967 "," 55,650 ",,,,,,,,,,,,,,,,,
Male, 101 ," 1,142 "," 5,283 "," 6,305 "," 6,364 "," 5,626 "," 5,201 "," 5,127 "," 4,246 "," 3,757 "," 3,032 "," 2,526 "," 4,464 "," 53,174 ",,,,,,,,,,,,,,,,,
Indeterminate/Unknown, - , - , 2 , 2 , - , - , - , - , 1 , 1 , - , - , - , 6 ,,,,,,,,,,,,,,,,,
Groom, 423 ," 2,580 "," 8,790 "," 8,622 "," 8,364 "," 7,749 "," 8,162 "," 8,893 "," 8,436 "," 8,822 "," 7,961 "," 7,324 "," 17,091 "," 103,217 ",,,,,,,,,,,,,,,,,
Female, 221 ," 1,312 "," 4,431 "," 4,365 "," 4,288 "," 4,014 "," 4,212 "," 4,666 "," 4,436 "," 4,601 "," 4,120 "," 3,835 "," 9,538 "," 54,039 ",,,,,,,,,,,,,,,,,
Male, 202 ," 1,267 "," 4,359 "," 4,256 "," 4,076 "," 3,735 "," 3,950 "," 4,227 "," 3,999 "," 4,221 "," 3,841 "," 3,489 "," 7,553 "," 49,175 ",,,,,,,,,,,,,,,,,
Indeterminate/Unknown, - , 1 , - , 1 , - , - , - , - , 1 , - , - , - , - , 3 ,,,,,,,,,,,,,,,,,
Herbert, 236 ," 2,601 "," 11,133 "," 10,961 "," 10,136 "," 9,096 "," 9,299 "," 9,560 "," 8,759 "," 8,805 "," 7,332 "," 6,252 "," 11,640 "," 105,810 ",,,,,,,,,,,,,,,,,
Female, 127 ," 1,356 "," 5,484 "," 5,476 "," 5,125 "," 4,662 "," 4,693 "," 4,891 "," 4,466 "," 4,502 "," 3,711 "," 3,058 "," 6,343 "," 53,894 ",,,,,,,,,,,,,,,,,
Male, 109 ," 1,244 "," 5,649 "," 5,485 "," 5,009 "," 4,434 "," 4,606 "," 4,668 "," 4,293 "," 4,303 "," 3,621 "," 3,194 "," 5,297 "," 51,912 ",,,,,,,,,,,,,,,,,
Indeterminate/Unknown, - , 1 , - , - , 2 , - , - , 1 , - , - , - , - , - , 4 ,,,,,,,,,,,,,,,,,
Hinkler, 234 ," 2,003 "," 6,074 "," 5,770 "," 5,778 "," 6,252 "," 7,008 "," 7,741 "," 8,122 "," 9,231 "," 9,670 "," 10,560 "," 24,141 "," 102,584 ",,,,,,,,,,,,,,,,,
Female, 127 ," 1,039 "," 3,068 "," 2,998 "," 3,008 "," 3,299 "," 3,629 "," 4,110 "," 4,285 "," 4,915 "," 5,152 "," 5,443 "," 12,574 "," 53,647 ",,,,,,,,,,,,,,,,,
Male, 107 , 964 ," 3,006 "," 2,772 "," 2,770 "," 2,953 "," 3,379 "," 3,631 "," 3,837 "," 4,316 "," 4,518 "," 5,117 "," 11,567 "," 48,937 ",,,,,,,,,,,,,,,,,
Indeterminate/Unknown, - , - , - , - , - , - , - , - , - , - , - , - , - , - ,,,,,,,,,,,,,,,,,
Kennedy, 161 ," 1,674 "," 6,705 "," 7,256 "," 7,115 "," 7,290 "," 8,013 "," 9,095 "," 9,307 "," 9,832 "," 9,201 "," 8,230 "," 16,805 "," 100,684 ",,,,,,,,,,,,,,,,,
Female, 90 , 848 ," 3,314 "," 3,748 "," 3,614 "," 3,788 "," 4,093 "," 4,640 "," 4,641 "," 4,843 "," 4,511 "," 3,898 "," 8,315 "," 50,343 ",,,,,,,,,,,,,,,,,
Male, 71 , 826 ," 3,391 "," 3,508 "," 3,501 "," 3,502 "," 3,920 "," 4,455 "," 4,665 "," 4,989 "," 4,690 "," 4,332 "," 8,489 "," 50,339 ",,,,,,,,,,,,,,,,,
Indeterminate/Unknown, - , - , - , - , - , - , - , - , 1 , - , - , - , 1 , 2 ,,,,,,,,,,,,,,,,,
Leichhardt, 248 ," 2,104 "," 8,274 "," 9,241 "," 9,701 "," 9,836 "," 10,770 "," 11,174 "," 10,543 "," 10,344 "," 9,105 "," 7,511 "," 12,205 "," 111,056 ",,,,,,,,,,,,,,,,,
Female, 131 ," 1,055 "," 4,250 "," 4,709 "," 4,955 "," 5,093 "," 5,441 "," 5,601 "," 5,327 "," 5,195 "," 4,483 "," 3,568 "," 6,139 "," 55,947 ",,,,,,,,,,,,,,,,,
Male, 117 ," 1,049 "," 4,023 "," 4,532 "," 4,746 "," 4,743 "," 5,329 "," 5,573 "," 5,216 "," 5,149 "," 4,622 "," 3,943 "," 6,066 "," 55,108 ",,,,,,,,,,,,,,,,,
Indeterminate/Unknown, - , - , 1 , - , - , - , - , - , - , - , - , - , - , 1 ,,,,,,,,,,,,,,,,,
Lilley, 301 ," 2,351 "," 8,941 "," 9,774 "," 10,298 "," 9,727 "," 9,838 "," 9,807 "," 8,857 "," 8,457 "," 7,357 "," 6,360 "," 16,213 "," 108,281 ",,,,,,,,,,,,,,,,,
Female, 149 ," 1,197 "," 4,531 "," 4,900 "," 5,128 "," 4,827 "," 5,028 "," 5,108 "," 4,492 "," 4,392 "," 3,837 "," 3,295 "," 9,453 "," 56,337 ",,,,,,,,,,,,,,,,,
Male, 152 ," 1,154 "," 4,410 "," 4,874 "," 5,170 "," 4,900 "," 4,810 "," 4,699 "," 4,365 "," 4,065 "," 3,520 "," 3,065 "," 6,760 "," 51,944 ",,,,,,,,,,,,,,,,,
Indeterminate/Unknown, - , - , - , - , - , - , - , - , - , - , - , - , - , - ,,,,,,,,,,,,,,,,,
Longman, 268 ," 2,592 "," 8,784 "," 8,348 "," 8,163 "," 8,203 "," 8,862 "," 9,409 "," 9,087 "," 9,019 "," 8,768 "," 9,060 "," 17,515 "," 108,078 ",,,,,,,,,,,,,,,,,
Female, 148 ," 1,322 "," 4,576 "," 4,317 "," 4,237 "," 4,247 "," 4,555 "," 4,930 "," 4,713 "," 4,745 "," 4,578 "," 4,652 "," 9,025 "," 56,045 ",,,,,,,,,,,,,,,,,
Male, 120 ," 1,270 "," 4,208 "," 4,031 "," 3,926 "," 3,956 "," 4,307 "," 4,478 "," 4,374 "," 4,274 "," 4,190 "," 4,408 "," 8,490 "," 52,032 ",,,,,,,,,,,,,,,,,
Indeterminate/Unknown, - , - , - , - , - , - , - , 1 , - , - , - , - , - , 1 ,,,,,,,,,,,,,,,,,
Maranoa, 363 ," 2,334 "," 7,212 "," 7,127 "," 7,092 "," 7,184 "," 7,943 "," 8,865 "," 9,186 "," 9,647 "," 9,354 "," 9,005 "," 18,440 "," 103,752 ",,,,,,,,,,,,,,,,,
Female, 201 ," 1,173 "," 3,541 "," 3,576 "," 3,704 "," 3,766 "," 4,015 "," 4,518 "," 4,604 "," 4,852 "," 4,585 "," 4,307 "," 9,380 "," 52,222 ",,,,,,,,,,,,,,,,,
Male, 162 ," 1,161 "," 3,670 "," 3,551 "," 3,388 "," 3,418 "," 3,928 "," 4,347 "," 4,582 "," 4,795 "," 4,769 "," 4,697 "," 9,060 "," 51,528 ",,,,,,,,,,,,,,,,,
Indeterminate/Unknown, - , - , 1 , - , - , - , - , - , - , - , - , 1 , - , 2 ,,,,,,,,,,,,,,,,,
McPherson, 285 ," 2,395 "," 8,120 "," 8,120 "," 8,313 "," 8,581 "," 9,201 "," 9,410 "," 8,638 "," 8,868 "," 8,185 "," 7,816 "," 17,326 "," 105,258 ",,,,,,,,,,,,,,,,,
Female, 148 ," 1,239 "," 4,196 "," 4,174 "," 4,316 "," 4,509 "," 4,734 "," 4,972 "," 4,570 "," 4,771 "," 4,446 "," 4,027 "," 9,484 "," 55,586 ",,,,,,,,,,,,,,,,,
Male, 137 ," 1,156 "," 3,923 "," 3,946 "," 3,997 "," 4,072 "," 4,467 "," 4,438 "," 4,068 "," 4,097 "," 3,739 "," 3,789 "," 7,842 "," 49,671 ",,,,,,,,,,,,,,,,,
Indeterminate/Unknown, - , - , 1 , - , - , - , - , - , - , - , - , - , - , 1 ,,,,,,,,,,,,,,,,,
Moncrieff, 243 ," 2,056 "," 8,400 "," 8,829 "," 8,358 "," 7,856 "," 8,036 "," 8,599 "," 8,238 "," 8,440 "," 8,040 "," 8,068 "," 18,713 "," 103,876 ",,,,,,,,,,,,,,,,,
Female, 123 ," 1,064 "," 4,421 "," 4,410 "," 3,973 "," 3,795 "," 3,930 "," 4,344 "," 4,238 "," 4,475 "," 4,243 "," 4,151 "," 10,234 "," 53,401 ",,,,,,,,,,,,,,,,,
Male, 120 , 991 ," 3,979 "," 4,417 "," 4,385 "," 4,061 "," 4,105 "," 4,255 "," 4,000 "," 3,965 "," 3,796 "," 3,917 "," 8,479 "," 50,470 ",,,,,,,,,,,,,,,,,
Indeterminate/Unknown, - , 1 , - , 2 , - , - , 1 , - , - , - , 1 , - , - , 5 ,,,,,,,,,,,,,,,,,
Moreton, 319 ," 2,528 "," 9,264 "," 8,805 "," 9,452 "," 8,990 "," 8,638 "," 8,616 "," 7,866 "," 7,680 "," 6,721 "," 6,038 "," 12,934 "," 97,851 ",,,,,,,,,,,,,,,,,
Female, 176 ," 1,285 "," 4,551 "," 4,213 "," 4,616 "," 4,421 "," 4,350 "," 4,399 "," 4,063 "," 3,878 "," 3,487 "," 3,125 "," 7,164 "," 49,728 ",,,,,,,,,,,,,,,,,
Male, 143 ," 1,243 "," 4,712 "," 4,592 "," 4,836 "," 4,569 "," 4,288 "," 4,217 "," 3,803 "," 3,801 "," 3,234 "," 2,913 "," 5,770 "," 48,121 ",,,,,,,,,,,,,,,,,
Indeterminate/Unknown, - , - , 1 , - , - , - , - , - , - , 1 , - , - , - , 2 ,,,,,,,,,,,,,,,,,
Oxley, 318 ," 2,624 "," 8,933 "," 8,769 "," 9,272 "," 9,368 "," 9,277 "," 9,451 "," 8,566 "," 8,035 "," 6,635 "," 5,561 "," 10,347 "," 97,156 ",,,,,,,,,,,,,,,,,
Female, 162 ," 1,308 "," 4,457 "," 4,397 "," 4,841 "," 4,793 "," 4,758 "," 4,866 "," 4,374 "," 4,070 "," 3,375 "," 2,885 "," 5,665 "," 49,951 ",,,,,,,,,,,,,,,,,
Male, 156 ," 1,316 "," 4,476 "," 4,370 "," 4,431 "," 4,575 "," 4,518 "," 4,585 "," 4,192 "," 3,965 "," 3,260 "," 2,676 "," 4,682 "," 47,202 ",,,,,,,,,,,,,,,,,
Indeterminate/Unknown, - , - , - , 2 , - , - , 1 , - , - , - , - , - , - , 3 ,,,,,,,,,,,,,,,,,
Petrie, 300 ," 2,478 "," 8,431 "," 8,431 "," 9,220 "," 9,449 "," 9,420 "," 9,522 "," 8,827 "," 8,570 "," 8,001 "," 8,025 "," 18,245 "," 108,919 ",,,,,,,,,,,,,,,,,
Female, 168 ," 1,275 "," 4,306 "," 4,363 "," 4,807 "," 4,820 "," 4,846 "," 4,865 "," 4,602 "," 4,531 "," 4,294 "," 4,282 "," 10,383 "," 57,542 ",,,,,,,,,,,,,,,,,
Male, 132 ," 1,202 "," 4,125 "," 4,068 "," 4,413 "," 4,629 "," 4,574 "," 4,657 "," 4,225 "," 4,039 "," 3,707 "," 3,743 "," 7,862 "," 51,376 ",,,,,,,,,,,,,,,,,
Indeterminate/Unknown, - , 1 , - , - , - , - , - , - , - , - , - , - , - , 1 ,,,,,,,,,,,,,,,,,
Rankin, 245 ," 2,793 "," 9,519 "," 9,463 "," 10,338 "," 10,081 "," 9,288 "," 9,146 "," 8,424 "," 8,526 "," 7,549 "," 6,763 "," 10,570 "," 102,705 ",,,,,,,,,,,,,,,,,
Female, 132 ," 1,460 "," 4,765 "," 4,743 "," 5,243 "," 4,983 "," 4,696 "," 4,745 "," 4,330 "," 4,486 "," 3,916 "," 3,505 "," 5,493 "," 52,497 ",,,,,,,,,,,,,,,,,
Male, 113 ," 1,333 "," 4,754 "," 4,719 "," 5,094 "," 5,096 "," 4,592 "," 4,400 "," 4,094 "," 4,040 "," 3,633 "," 3,258 "," 5,077 "," 50,203 ",,,,,,,,,,,,,,,,,
Indeterminate/Unknown, - , - , - , 1 , 1 , 2 , - , 1 , - , - , - , - , - , 5 ,,,,,,,,,,,,,,,,,
Ryan, 405 ," 3,275 "," 11,413 "," 9,080 "," 7,984 "," 8,602 "," 9,597 "," 9,999 "," 8,885 "," 8,204 "," 7,219 "," 6,691 "," 13,770 "," 105,124 ",,,,,,,,,,,,,,,,,
Female, 229 ," 1,660 "," 5,496 "," 4,315 "," 3,986 "," 4,404 "," 5,032 "," 5,137 "," 4,575 "," 4,267 "," 3,814 "," 3,503 "," 7,573 "," 53,991 ",,,,,,,,,,,,,,,,,
Male, 176 ," 1,615 "," 5,916 "," 4,765 "," 3,997 "," 4,198 "," 4,565 "," 4,862 "," 4,310 "," 3,937 "," 3,405 "," 3,188 "," 6,197 "," 51,131 ",,,,,,,,,,,,,,,,,
Indeterminate/Unknown, - , - , 1 , - , 1 , - , - , - , - , - , - , - , - , 2 ,,,,,,,,,,,,,,,,,
Wide Bay, 260 ," 1,968 "," 5,771 "," 5,271 "," 5,531 "," 6,417 "," 7,660 "," 9,015 "," 9,452 "," 10,647 "," 10,837 "," 10,978 "," 21,273 "," 105,080 ",,,,,,,,,,,,,,,,,
Female, 132 , 984 ," 2,837 "," 2,619 "," 2,917 "," 3,373 "," 3,983 "," 4,696 "," 5,010 "," 5,594 "," 5,548 "," 5,461 "," 10,743 "," 53,897 ",,,,,,,,,,,,,,,,,
Male, 128 , 984 ," 2,934 "," 2,652 "," 2,614 "," 3,044 "," 3,677 "," 4,319 "," 4,442 "," 5,053 "," 5,289 "," 5,517 "," 10,530 "," 51,183 ",,,,,,,,,,,,,,,,,
Indeterminate/Unknown, - , - , - , - , - , - , - , - , - , - , - , - , - , - ,,,,,,,,,,,,,,,,,
Wright, 266 ," 2,568 "," 7,732 "," 6,783 "," 7,367 "," 8,385 "," 9,662 "," 10,582 "," 10,180 "," 9,781 "," 8,521 "," 8,015 "," 13,776 "," 103,618 ",,,,,,,,,,,,,,,,,
Female, 134 ," 1,337 "," 3,942 "," 3,505 "," 3,859 "," 4,342 "," 5,028 "," 5,417 "," 5,168 "," 4,926 "," 4,249 "," 3,982 "," 6,802 "," 52,691 ",,,,,,,,,,,,,,,,,
Male, 132 ," 1,231 "," 3,790 "," 3,278 "," 3,508 "," 4,041 "," 4,633 "," 5,164 "," 5,012 "," 4,855 "," 4,272 "," 4,032 "," 6,974 "," 50,922 ",,,,,,,,,,,,,,,,,
Indeterminate/Unknown, - , - , - , - , - , 2 , 1 , 1 , - , - , - , 1 , - , 5 ,,,,,,,,,,,,,,,,,
 WA ," 4,662 "," 39,290 "," 126,044 "," 133,913 "," 143,242 "," 137,318 "," 137,079 "," 147,372 "," 139,766 "," 136,775 "," 123,968 "," 110,829 "," 221,816 "," 1,602,074 ",,,,,,,,,,,,,,,,,
Brand, 286 ," 2,689 "," 9,213 "," 9,905 "," 10,283 "," 9,189 "," 9,049 "," 9,520 "," 8,770 "," 7,931 "," 6,592 "," 5,744 "," 12,306 "," 101,477 ",,,,,,,,,,,,,,,,,
Female, 154 ," 1,356 "," 4,646 "," 5,029 "," 5,128 "," 4,510 "," 4,561 "," 4,750 "," 4,367 "," 3,923 "," 3,439 "," 2,944 "," 6,554 "," 51,361 ",,,,,,,,,,,,,,,,,
Male, 132 ," 1,333 "," 4,567 "," 4,876 "," 5,154 "," 4,679 "," 4,488 "," 4,770 "," 4,403 "," 4,008 "," 3,152 "," 2,799 "," 5,752 "," 50,113 ",,,,,,,,,,,,,,,,,
Indeterminate/Unknown, - , - , - , - , 1 , - , - , - , - , - , 1 , 1 , - , 3 ,,,,,,,,,,,,,,,,,
Burt, 309 ," 2,942 "," 9,187 "," 9,461 "," 10,569 "," 10,172 "," 8,983 "," 9,040 "," 8,361 "," 7,838 "," 7,185 "," 6,225 "," 11,279 "," 101,551 ",,,,,,,,,,,,,,,,,
Female, 168 ," 1,481 "," 4,687 "," 4,660 "," 5,171 "," 4,897 "," 4,397 "," 4,574 "," 4,169 "," 4,035 "," 3,690 "," 3,165 "," 6,006 "," 51,100 ",,,,,,,,,,,,,,,,,
Male, 141 ," 1,461 "," 4,500 "," 4,800 "," 5,398 "," 5,275 "," 4,586 "," 4,466 "," 4,192 "," 3,801 "," 3,494 "," 3,059 "," 5,273 "," 50,446 ",,,,,,,,,,,,,,,,,
Indeterminate/Unknown, - , - , - , 1 , - , - , - , - , - , 2 , 1 , 1 , - , 5 ,,,,,,,,,,,,,,,,,
Canning, 282 ," 2,432 "," 7,431 "," 7,429 "," 7,532 "," 7,205 "," 7,481 "," 8,581 "," 8,631 "," 8,898 "," 8,466 "," 8,723 "," 19,054 "," 102,145 ",,,,,,,,,,,,,,,,,
Female, 142 ," 1,220 "," 3,734 "," 3,745 "," 3,793 "," 3,605 "," 3,788 "," 4,315 "," 4,328 "," 4,653 "," 4,443 "," 4,425 "," 9,758 "," 51,949 ",,,,,,,,,,,,,,,,,
Male, 140 ," 1,212 "," 3,697 "," 3,684 "," 3,739 "," 3,600 "," 3,693 "," 4,266 "," 4,303 "," 4,245 "," 4,023 "," 4,298 "," 9,296 "," 50,196 ",,,,,,,,,,,,,,,,,
Indeterminate/Unknown, - , - , - , - , - , - , - , - , - , - , - , - , - , - ,,,,,,,,,,,,,,,,,
Cowan, 332 ," 2,751 "," 8,339 "," 8,146 "," 9,284 "," 9,289 "," 8,975 "," 9,463 "," 8,724 "," 7,966 "," 6,888 "," 6,049 "," 10,907 "," 97,113 ",,,,,,,,,,,,,,,,,
Female, 173 ," 1,372 "," 4,056 "," 3,986 "," 4,588 "," 4,571 "," 4,503 "," 4,819 "," 4,412 "," 4,081 "," 3,529 "," 3,098 "," 5,899 "," 49,087 ",,,,,,,,,,,,,,,,,
Male, 159 ," 1,379 "," 4,280 "," 4,159 "," 4,696 "," 4,718 "," 4,472 "," 4,644 "," 4,312 "," 3,885 "," 3,359 "," 2,951 "," 5,008 "," 48,022 ",,,,,,,,,,,,,,,,,
Indeterminate/Unknown, - , - , 3 , 1 , - , - , - , - , - , - , - , - , - , 4 ,,,,,,,,,,,,,,,,,
Curtin, 335 ," 2,500 "," 7,755 "," 8,262 "," 7,778 "," 7,195 "," 7,665 "," 8,902 "," 8,486 "," 8,189 "," 7,682 "," 6,826 "," 16,473 "," 98,048 ",,,,,,,,,,,,,,,,,
Female, 177 ," 1,217 "," 3,861 "," 4,046 "," 3,925 "," 3,626 "," 3,976 "," 4,653 "," 4,420 "," 4,239 "," 4,010 "," 3,538 "," 9,302 "," 50,990 ",,,,,,,,,,,,,,,,,
Male, 158 ," 1,282 "," 3,891 "," 4,216 "," 3,853 "," 3,569 "," 3,689 "," 4,249 "," 4,066 "," 3,950 "," 3,672 "," 3,288 "," 7,171 "," 47,054 ",,,,,,,,,,,,,,,,,
Indeterminate/Unknown, - , 1 , 3 , - , - , - , - , - , - , - , - , - , - , 4 ,,,,,,,,,,,,,,,,,
Durack, 150 ," 1,622 "," 6,189 "," 8,281 "," 9,711 "," 9,390 "," 9,389 "," 9,965 "," 9,445 "," 9,121 "," 7,660 "," 6,065 "," 10,507 "," 97,495 ",,,,,,,,,,,,,,,,,
Female, 86 , 804 ," 3,067 "," 4,218 "," 5,063 "," 4,742 "," 4,633 "," 4,791 "," 4,563 "," 4,296 "," 3,650 "," 2,791 "," 5,106 "," 47,810 ",,,,,,,,,,,,,,,,,
Male, 64 , 818 ," 3,122 "," 4,062 "," 4,648 "," 4,648 "," 4,756 "," 5,174 "," 4,882 "," 4,825 "," 4,010 "," 3,273 "," 5,401 "," 49,683 ",,,,,,,,,,,,,,,,,
Indeterminate/Unknown, - , - , - , 1 , - , - , - , - , - , - , - , 1 , - , 2 ,,,,,,,,,,,,,,,,,
Forrest, 311 ," 2,400 "," 6,598 "," 6,931 "," 7,665 "," 8,342 "," 8,945 "," 9,629 "," 9,074 "," 9,364 "," 9,104 "," 8,305 "," 15,861 "," 102,529 ",,,,,,,,,,,,,,,,,
Female, 164 ," 1,201 "," 3,209 "," 3,480 "," 3,959 "," 4,203 "," 4,546 "," 4,969 "," 4,566 "," 4,938 "," 4,648 "," 4,163 "," 8,363 "," 52,409 ",,,,,,,,,,,,,,,,,
Male, 147 ," 1,199 "," 3,388 "," 3,451 "," 3,706 "," 4,139 "," 4,399 "," 4,660 "," 4,508 "," 4,426 "," 4,456 "," 4,142 "," 7,498 "," 50,119 ",,,,,,,,,,,,,,,,,
Indeterminate/Unknown, - , - , 1 , - , - , - , - , - , - , - , - , - , - , 1 ,,,,,,,,,,,,,,,,,
Fremantle, 294 ," 2,470 "," 7,791 "," 8,699 "," 9,719 "," 9,500 "," 9,288 "," 9,717 "," 8,737 "," 8,535 "," 7,465 "," 6,511 "," 12,808 "," 101,534 ",,,,,,,,,,,,,,,,,
Female, 158 ," 1,260 "," 4,058 "," 4,429 "," 4,850 "," 4,700 "," 4,625 "," 4,922 "," 4,464 "," 4,377 "," 3,867 "," 3,404 "," 6,959 "," 52,073 ",,,,,,,,,,,,,,,,,
Male, 136 ," 1,210 "," 3,731 "," 4,270 "," 4,868 "," 4,800 "," 4,663 "," 4,795 "," 4,273 "," 4,158 "," 3,598 "," 3,107 "," 5,849 "," 49,458 ",,,,,,,,,,,,,,,,,
Indeterminate/Unknown, - , - , 2 , - , 1 , - , - , - , - , - , - , - , - , 3 ,,,,,,,,,,,,,,,,,
Hasluck, 269 ," 2,491 "," 7,570 "," 7,356 "," 7,860 "," 7,884 "," 8,162 "," 8,991 "," 8,572 "," 8,469 "," 7,529 "," 7,233 "," 14,030 "," 96,416 ",,,,,,,,,,,,,,,,,
Female, 139 ," 1,195 "," 3,723 "," 3,597 "," 3,780 "," 3,889 "," 4,090 "," 4,491 "," 4,320 "," 4,251 "," 3,892 "," 3,683 "," 7,395 "," 48,445 ",,,,,,,,,,,,,,,,,
Male, 130 ," 1,296 "," 3,846 "," 3,759 "," 4,079 "," 3,995 "," 4,071 "," 4,500 "," 4,251 "," 4,217 "," 3,637 "," 3,550 "," 6,635 "," 47,966 ",,,,,,,,,,,,,,,,,
Indeterminate/Unknown, - , - , 1 , - , 1 , - , 1 , - , 1 , 1 , - , - , - , 5 ,,,,,,,,,,,,,,,,,
Moore, 413 ," 2,929 "," 8,926 "," 7,326 "," 7,148 "," 7,389 "," 8,345 "," 9,824 "," 9,934 "," 10,047 "," 9,066 "," 7,685 "," 11,657 "," 100,689 ",,,,,,,,,,,,,,,,,
Female, 206 ," 1,424 "," 4,344 "," 3,426 "," 3,487 "," 3,750 "," 4,251 "," 5,025 "," 5,238 "," 5,135 "," 4,660 "," 3,861 "," 6,190 "," 50,997 ",,,,,,,,,,,,,,,,,
Male, 207 ," 1,505 "," 4,582 "," 3,900 "," 3,661 "," 3,639 "," 4,094 "," 4,799 "," 4,696 "," 4,912 "," 4,406 "," 3,824 "," 5,467 "," 49,692 ",,,,,,,,,,,,,,,,,
Indeterminate/Unknown, - , - , - , - , - , - , - , - , - , - , - , - , - , - ,,,,,,,,,,,,,,,,,
O'Connor, 228 ," 2,268 "," 6,659 "," 7,144 "," 7,586 "," 7,550 "," 8,209 "," 9,272 "," 9,511 "," 10,182 "," 9,304 "," 8,475 "," 16,420 "," 102,808 ",,,,,,,,,,,,,,,,,
Female, 128 ," 1,152 "," 3,207 "," 3,534 "," 3,864 "," 3,858 "," 4,147 "," 4,597 "," 4,722 "," 5,040 "," 4,566 "," 4,055 "," 8,362 "," 51,232 ",,,,,,,,,,,,,,,,,
Male, 100 ," 1,116 "," 3,451 "," 3,609 "," 3,722 "," 3,691 "," 4,060 "," 4,675 "," 4,789 "," 5,142 "," 4,737 "," 4,420 "," 8,058 "," 51,570 ",,,,,,,,,,,,,,,,,
Indeterminate/Unknown, - , - , 1 , 1 , - , 1 , 2 , - , - , - , 1 , - , - , 6 ,,,,,,,,,,,,,,,,,
Pearce, 376 ," 3,114 "," 9,546 "," 10,531 "," 11,080 "," 10,209 "," 10,383 "," 11,188 "," 9,925 "," 8,532 "," 7,148 "," 6,515 "," 11,865 "," 110,412 ",,,,,,,,,,,,,,,,,
Female, 186 ," 1,631 "," 4,809 "," 5,373 "," 5,657 "," 5,176 "," 5,286 "," 5,751 "," 5,000 "," 4,397 "," 3,697 "," 3,289 "," 6,023 "," 56,275 ",,,,,,,,,,,,,,,,,
Male, 190 ," 1,483 "," 4,737 "," 5,158 "," 5,423 "," 5,033 "," 5,096 "," 5,436 "," 4,925 "," 4,135 "," 3,451 "," 3,226 "," 5,842 "," 54,135 ",,,,,,,,,,,,,,,,,
Indeterminate/Unknown, - , - , - , - , - , - , 1 , 1 , - , - , - , - , - , 2 ,,,,,,,,,,,,,,,,,
Perth, 200 ," 1,784 "," 7,062 "," 9,731 "," 10,998 "," 9,811 "," 8,577 "," 8,680 "," 8,059 "," 7,945 "," 7,290 "," 6,298 "," 13,109 "," 99,544 ",,,,,,,,,,,,,,,,,
Female, 89 , 913 ," 3,570 "," 4,902 "," 5,171 "," 4,653 "," 4,217 "," 4,241 "," 3,961 "," 3,970 "," 3,703 "," 3,123 "," 7,164 "," 49,677 ",,,,,,,,,,,,,,,,,
Male, 111 , 871 ," 3,490 "," 4,828 "," 5,825 "," 5,157 "," 4,359 "," 4,439 "," 4,098 "," 3,975 "," 3,587 "," 3,175 "," 5,945 "," 49,860 ",,,,,,,,,,,,,,,,,
Indeterminate/Unknown, - , - , 2 , 1 , 2 , 1 , 1 , - , - , - , - , - , - , 7 ,,,,,,,,,,,,,,,,,
Stirling, 267 ," 2,035 "," 7,025 "," 8,331 "," 9,974 "," 8,951 "," 8,522 "," 8,397 "," 7,724 "," 7,738 "," 7,223 "," 6,611 "," 15,849 "," 98,647 ",,,,,,,,,,,,,,,,,
Female, 144 ," 1,033 "," 3,565 "," 4,177 "," 4,860 "," 4,351 "," 4,251 "," 4,152 "," 3,924 "," 3,887 "," 3,868 "," 3,566 "," 8,863 "," 50,641 ",,,,,,,,,,,,,,,,,
Male, 123 ," 1,002 "," 3,460 "," 4,154 "," 5,112 "," 4,600 "," 4,271 "," 4,245 "," 3,800 "," 3,851 "," 3,355 "," 3,045 "," 6,986 "," 48,004 ",,,,,,,,,,,,,,,,,
Indeterminate/Unknown, - , - , - , - , 2 , - , - , - , - , - , - , - , - , 2 ,,,,,,,,,,,,,,,,,
Swan, 212 ," 2,094 "," 8,799 "," 9,793 "," 10,128 "," 8,870 "," 7,855 "," 7,973 "," 7,479 "," 7,536 "," 7,072 "," 6,163 "," 13,642 "," 97,616 ",,,,,,,,,,,,,,,,,
Female, 107 ," 1,040 "," 4,332 "," 4,679 "," 4,694 "," 4,134 "," 3,809 "," 3,837 "," 3,735 "," 3,795 "," 3,661 "," 3,147 "," 7,838 "," 48,808 ",,,,,,,,,,,,,,,,,
Male, 105 ," 1,054 "," 4,465 "," 5,111 "," 5,434 "," 4,736 "," 4,046 "," 4,136 "," 3,744 "," 3,741 "," 3,409 "," 3,016 "," 5,804 "," 48,801 ",,,,,,,,,,,,,,,,,
Indeterminate/Unknown, - , - , 2 , 3 , - , - , - , - , - , - , 2 , - , - , 7 ,,,,,,,,,,,,,,,,,
Tangney, 398 ," 2,769 "," 7,954 "," 6,587 "," 5,927 "," 6,372 "," 7,251 "," 8,230 "," 8,334 "," 8,484 "," 8,294 "," 7,401 "," 16,049 "," 94,050 ",,,,,,,,,,,,,,,,,
Female, 212 ," 1,379 "," 3,776 "," 3,103 "," 2,917 "," 3,260 "," 3,793 "," 4,273 "," 4,419 "," 4,498 "," 4,326 "," 3,792 "," 8,894 "," 48,642 ",,,,,,,,,,,,,,,,,
Male, 185 ," 1,390 "," 4,178 "," 3,484 "," 3,010 "," 3,112 "," 3,457 "," 3,957 "," 3,915 "," 3,986 "," 3,968 "," 3,609 "," 7,155 "," 45,406 ",,,,,,,,,,,,,,,,,
Indeterminate/Unknown, 1 , - , - , - , - , - , 1 , - , - , - , - , - , - , 2 ,,,,,,,,,,,,,,,,,
 SA ," 3,038 "," 24,180 "," 89,362 "," 90,389 "," 92,848 "," 89,324 "," 92,875 "," 103,802 "," 102,753 "," 106,444 "," 98,059 "," 91,751 "," 205,049 "," 1,189,874 ",,,,,,,,,,,,,,,,,
Adelaide, 302 ," 2,152 "," 9,011 "," 10,409 "," 10,107 "," 9,101 "," 8,911 "," 9,329 "," 9,041 "," 9,192 "," 8,590 "," 7,652 "," 16,268 "," 110,065 ",,,,,,,,,,,,,,,,,
Female, 154 ," 1,068 "," 4,577 "," 5,036 "," 4,916 "," 4,434 "," 4,401 "," 4,658 "," 4,580 "," 4,729 "," 4,411 "," 4,037 "," 9,221 "," 56,222 ",,,,,,,,,,,,,,,,,
Male, 148 ," 1,082 "," 4,434 "," 5,372 "," 5,191 "," 4,666 "," 4,510 "," 4,670 "," 4,461 "," 4,463 "," 4,179 "," 3,615 "," 7,046 "," 53,837 ",,,,,,,,,,,,,,,,,
Indeterminate/Unknown, - , 2 , - , 1 , - , 1 , - , 1 , - , - , - , - , 1 , 6 ,,,,,,,,,,,,,,,,,
Barker, 147 ," 1,811 "," 6,449 "," 6,513 "," 6,749 "," 7,033 "," 7,682 "," 9,225 "," 9,461 "," 10,338 "," 9,811 "," 9,476 "," 20,609 "," 105,304 ",,,,,,,,,,,,,,,,,
Female, 77 , 926 ," 3,170 "," 3,210 "," 3,407 "," 3,575 "," 3,923 "," 4,620 "," 4,742 "," 5,233 "," 4,854 "," 4,623 "," 10,999 "," 53,359 ",,,,,,,,,,,,,,,,,
Male, 70 , 884 ," 3,279 "," 3,303 "," 3,341 "," 3,458 "," 3,759 "," 4,604 "," 4,719 "," 5,104 "," 4,957 "," 4,853 "," 9,609 "," 51,940 ",,,,,,,,,,,,,,,,,
Indeterminate/Unknown, - , 1 , - , - , 1 , - , - , 1 , - , 1 , - , - , 1 , 5 ,,,,,,,,,,,,,,,,,
Boothby, 365 ," 2,487 "," 8,572 "," 7,639 "," 7,514 "," 7,833 "," 8,523 "," 9,205 "," 9,178 "," 9,562 "," 8,871 "," 8,502 "," 19,664 "," 107,915 ",,,,,,,,,,,,,,,,,
Female, 188 ," 1,261 "," 4,262 "," 3,698 "," 3,830 "," 4,047 "," 4,289 "," 4,774 "," 4,861 "," 4,954 "," 4,686 "," 4,458 "," 11,007 "," 56,315 ",,,,,,,,,,,,,,,,,
Male, 177 ," 1,225 "," 4,309 "," 3,941 "," 3,684 "," 3,786 "," 4,234 "," 4,431 "," 4,317 "," 4,608 "," 4,185 "," 4,043 "," 8,656 "," 51,596 ",,,,,,,,,,,,,,,,,
Indeterminate/Unknown, - , 1 , 1 , - , - , - , - , - , - , - , - , 1 , 1 , 4 ,,,,,,,,,,,,,,,,,
Grey, 195 ," 1,568 "," 6,232 "," 6,823 "," 6,795 "," 6,693 "," 7,205 "," 8,712 "," 9,134 "," 10,148 "," 9,632 "," 8,932 "," 19,939 "," 102,008 ",,,,,,,,,,,,,,,,,
Female, 84 , 790 ," 2,998 "," 3,458 "," 3,454 "," 3,336 "," 3,647 "," 4,412 "," 4,448 "," 5,001 "," 4,662 "," 4,377 "," 10,407 "," 51,074 ",,,,,,,,,,,,,,,,,
Male, 111 , 778 ," 3,234 "," 3,364 "," 3,341 "," 3,357 "," 3,557 "," 4,300 "," 4,685 "," 5,146 "," 4,970 "," 4,555 "," 9,530 "," 50,928 ",,,,,,,,,,,,,,,,,
Indeterminate/Unknown, - , - , - , 1 , - , - , 1 , - , 1 , 1 , - , - , 2 , 6 ,,,,,,,,,,,,,,,,,
Hindmarsh, 308 ," 2,175 "," 8,609 "," 8,823 "," 8,699 "," 8,270 "," 8,279 "," 9,288 "," 9,274 "," 9,499 "," 8,660 "," 8,203 "," 21,970 "," 112,057 ",,,,,,,,,,,,,,,,,
Female, 149 ," 1,123 "," 4,365 "," 4,323 "," 4,376 "," 4,096 "," 4,209 "," 4,662 "," 4,673 "," 4,951 "," 4,599 "," 4,386 "," 12,502 "," 58,414 ",,,,,,,,,,,,,,,,,
Male, 159 ," 1,051 "," 4,243 "," 4,499 "," 4,322 "," 4,174 "," 4,070 "," 4,626 "," 4,601 "," 4,547 "," 4,061 "," 3,816 "," 9,468 "," 53,637 ",,,,,,,,,,,,,,,,,
Indeterminate/Unknown, - , 1 , 1 , 1 , 1 , - , - , - , - , 1 , - , 1 , - , 6 ,,,,,,,,,,,,,,,,,
Kingston, 275 ," 2,324 "," 8,548 "," 8,957 "," 9,664 "," 8,832 "," 8,857 "," 9,112 "," 8,745 "," 9,114 "," 8,868 "," 8,391 "," 15,458 "," 107,145 ",,,,,,,,,,,,,,,,,
Female, 143 ," 1,154 "," 4,271 "," 4,464 "," 4,914 "," 4,491 "," 4,401 "," 4,568 "," 4,603 "," 4,803 "," 4,740 "," 4,442 "," 8,317 "," 55,311 ",,,,,,,,,,,,,,,,,
Male, 132 ," 1,168 "," 4,277 "," 4,493 "," 4,749 "," 4,341 "," 4,456 "," 4,544 "," 4,142 "," 4,310 "," 4,128 "," 3,949 "," 7,141 "," 51,830 ",,,,,,,,,,,,,,,,,
Indeterminate/Unknown, - , 2 , - , - , 1 , - , - , - , - , 1 , - , - , - , 4 ,,,,,,,,,,,,,,,,,
Makin, 330 ," 2,461 "," 8,471 "," 8,392 "," 9,068 "," 8,950 "," 9,034 "," 9,581 "," 9,160 "," 8,982 "," 8,186 "," 7,971 "," 16,945 "," 107,531 ",,,,,,,,,,,,,,,,,
Female, 168 ," 1,219 "," 4,133 "," 4,151 "," 4,562 "," 4,374 "," 4,520 "," 4,863 "," 4,645 "," 4,697 "," 4,374 "," 4,208 "," 9,206 "," 55,120 ",,,,,,,,,,,,,,,,,
Male, 162 ," 1,242 "," 4,338 "," 4,241 "," 4,506 "," 4,576 "," 4,514 "," 4,718 "," 4,515 "," 4,283 "," 3,812 "," 3,763 "," 7,739 "," 52,409 ",,,,,,,,,,,,,,,,,
Indeterminate/Unknown, - , - , - , - , - , - , - , - , - , 2 , - , - , - , 2 ,,,,,,,,,,,,,,,,,
Mayo, 165 ," 1,833 "," 6,323 "," 5,524 "," 5,860 "," 6,566 "," 7,893 "," 9,523 "," 9,187 "," 10,297 "," 10,258 "," 10,416 "," 20,979 "," 104,824 ",,,,,,,,,,,,,,,,,
Female, 86 , 940 ," 3,110 "," 2,700 "," 3,080 "," 3,434 "," 4,193 "," 4,944 "," 4,688 "," 5,324 "," 5,333 "," 5,346 "," 10,925 "," 54,103 ",,,,,,,,,,,,,,,,,
Male, 79 , 890 ," 3,213 "," 2,824 "," 2,780 "," 3,132 "," 3,700 "," 4,579 "," 4,499 "," 4,971 "," 4,925 "," 5,070 "," 10,054 "," 50,716 ",,,,,,,,,,,,,,,,,
Indeterminate/Unknown, - , 3 , - , - , - , - , - , - , - , 2 , - , - , - , 5 ,,,,,,,,,,,,,,,,,
Port Adelaide, 309 ," 2,524 "," 9,501 "," 9,866 "," 10,600 "," 9,672 "," 9,366 "," 10,456 "," 10,363 "," 10,478 "," 8,776 "," 7,326 "," 15,578 "," 114,815 ",,,,,,,,,,,,,,,,,
Female, 154 ," 1,264 "," 4,743 "," 4,869 "," 5,281 "," 4,807 "," 4,697 "," 5,224 "," 5,232 "," 5,308 "," 4,529 "," 3,739 "," 8,752 "," 58,599 ",,,,,,,,,,,,,,,,,
Male, 155 ," 1,260 "," 4,758 "," 4,997 "," 5,319 "," 4,864 "," 4,669 "," 5,231 "," 5,131 "," 5,170 "," 4,247 "," 3,587 "," 6,826 "," 56,214 ",,,,,,,,,,,,,,,,,
Indeterminate/Unknown, - , - , - , - , - , 1 , - , 1 , - , - , - , - , - , 2 ,,,,,,,,,,,,,,,,,
Sturt, 433 ," 2,366 "," 7,699 "," 7,372 "," 7,452 "," 7,704 "," 8,227 "," 9,378 "," 8,907 "," 8,691 "," 7,795 "," 7,509 "," 21,367 "," 104,900 ",,,,,,,,,,,,,,,,,
Female, 206 ," 1,187 "," 3,808 "," 3,577 "," 3,740 "," 3,945 "," 4,136 "," 4,892 "," 4,553 "," 4,547 "," 4,202 "," 4,151 "," 12,264 "," 55,208 ",,,,,,,,,,,,,,,,,
Male, 227 ," 1,178 "," 3,891 "," 3,795 "," 3,712 "," 3,758 "," 4,091 "," 4,485 "," 4,354 "," 4,144 "," 3,593 "," 3,358 "," 9,103 "," 49,689 ",,,,,,,,,,,,,,,,,
Indeterminate/Unknown, - , 1 , - , - , - , 1 , - , 1 , - , - , - , - , - , 3 ,,,,,,,,,,,,,,,,,
Wakefield, 209 ," 2,479 "," 9,947 "," 10,071 "," 10,340 "," 8,670 "," 8,898 "," 9,993 "," 10,303 "," 10,143 "," 8,612 "," 7,373 "," 16,272 "," 113,310 ",,,,,,,,,,,,,,,,,
Female, 111 ," 1,265 "," 4,946 "," 5,099 "," 5,181 "," 4,348 "," 4,452 "," 5,058 "," 5,183 "," 5,094 "," 4,328 "," 3,732 "," 8,888 "," 57,685 ",,,,,,,,,,,,,,,,,
Male, 98 ," 1,212 "," 5,001 "," 4,972 "," 5,157 "," 4,322 "," 4,446 "," 4,935 "," 5,120 "," 5,049 "," 4,284 "," 3,641 "," 7,384 "," 55,621 ",,,,,,,,,,,,,,,,,
Indeterminate/Unknown, - , 2 , - , - , 2 , - , - , - , - , - , - , - , - , 4 ,,,,,,,,,,,,,,,,,
 TAS , 973 ," 7,921 "," 27,502 "," 26,037 "," 26,322 "," 26,396 "," 28,272 "," 32,647 "," 32,636 "," 36,161 "," 33,865 "," 31,931 "," 65,814 "," 376,477 ",,,,,,,,,,,,,,,,,
Bass, 216 ," 1,721 "," 6,097 "," 5,458 "," 5,269 "," 5,239 "," 5,544 "," 6,450 "," 6,325 "," 6,802 "," 6,166 "," 5,746 "," 12,891 "," 73,924 ",,,,,,,,,,,,,,,,,
Female, 108 , 823 ," 2,970 "," 2,712 "," 2,690 "," 2,710 "," 2,878 "," 3,371 "," 3,280 "," 3,486 "," 3,233 "," 2,965 "," 7,178 "," 38,404 ",,,,,,,,,,,,,,,,,
Male, 108 , 898 ," 3,126 "," 2,746 "," 2,579 "," 2,528 "," 2,666 "," 3,079 "," 3,045 "," 3,316 "," 2,933 "," 2,781 "," 5,713 "," 35,518 ",,,,,,,,,,,,,,,,,
Indeterminate/Unknown, - , - , 1 , - , - , 1 , - , - , - , - , - , - , - , 2 ,,,,,,,,,,,,,,,,,
Braddon, 204 ," 1,643 "," 5,389 "," 4,916 "," 4,829 "," 4,894 "," 5,298 "," 6,289 "," 6,463 "," 7,034 "," 6,527 "," 6,186 "," 13,548 "," 73,220 ",,,,,,,,,,,,,,,,,
Female, 122 , 833 ," 2,636 "," 2,505 "," 2,473 "," 2,531 "," 2,711 "," 3,314 "," 3,318 "," 3,616 "," 3,403 "," 3,163 "," 7,292 "," 37,917 ",,,,,,,,,,,,,,,,,
Male, 82 , 810 ," 2,752 "," 2,411 "," 2,356 "," 2,363 "," 2,587 "," 2,975 "," 3,145 "," 3,418 "," 3,124 "," 3,023 "," 6,256 "," 35,302 ",,,,,,,,,,,,,,,,,
Indeterminate/Unknown, - , - , 1 , - , - , - , - , - , - , - , - , - , - , 1 ,,,,,,,,,,,,,,,,,
Denison, 165 ," 1,495 "," 6,016 "," 6,044 "," 5,751 "," 5,518 "," 5,683 "," 6,398 "," 6,157 "," 6,636 "," 6,096 "," 5,515 "," 12,132 "," 73,606 ",,,,,,,,,,,,,,,,,
Female, 95 , 812 ," 2,988 "," 2,991 "," 2,830 "," 2,854 "," 2,939 "," 3,289 "," 3,196 "," 3,497 "," 3,176 "," 2,890 "," 6,860 "," 38,417 ",,,,,,,,,,,,,,,,,
Male, 70 , 683 ," 3,027 "," 3,051 "," 2,921 "," 2,664 "," 2,744 "," 3,109 "," 2,961 "," 3,139 "," 2,920 "," 2,625 "," 5,272 "," 35,186 ",,,,,,,,,,,,,,,,,
Indeterminate/Unknown, - , - , 1 , 2 , - , - , - , - , - , - , - , - , - , 3 ,,,,,,,,,,,,,,,,,
Franklin, 208 ," 1,634 "," 5,089 "," 5,050 "," 5,693 "," 5,825 "," 6,113 "," 6,816 "," 6,577 "," 7,464 "," 7,143 "," 6,660 "," 13,596 "," 77,868 ",,,,,,,,,,,,,,,,,
Female, 109 , 830 ," 2,526 "," 2,578 "," 3,034 "," 3,119 "," 3,204 "," 3,557 "," 3,515 "," 3,935 "," 3,718 "," 3,442 "," 7,409 "," 40,976 ",,,,,,,,,,,,,,,,,
Male, 99 , 804 ," 2,562 "," 2,472 "," 2,659 "," 2,706 "," 2,909 "," 3,259 "," 3,062 "," 3,529 "," 3,425 "," 3,218 "," 6,187 "," 36,891 ",,,,,,,,,,,,,,,,,
Indeterminate/Unknown, - , - , 1 , - , - , - , - , - , - , - , - , - , - , 1 ,,,,,,,,,,,,,,,,,
Lyons, 180 ," 1,428 "," 4,911 "," 4,569 "," 4,780 "," 4,920 "," 5,634 "," 6,694 "," 7,114 "," 8,225 "," 7,933 "," 7,824 "," 13,647 "," 77,859 ",,,,,,,,,,,,,,,,,
Female, 97 , 725 ," 2,445 "," 2,338 "," 2,484 "," 2,552 "," 2,903 "," 3,435 "," 3,635 "," 4,115 "," 3,994 "," 3,794 "," 6,824 "," 39,341 ",,,,,,,,,,,,,,,,,
Male, 83 , 703 ," 2,466 "," 2,231 "," 2,296 "," 2,368 "," 2,731 "," 3,259 "," 3,479 "," 4,110 "," 3,939 "," 4,030 "," 6,823 "," 38,518 ",,,,,,,,,,,,,,,,,
Indeterminate/Unknown, - , - , - , - , - , - , - , - , - , - , - , - , - , - ,,,,,,,,,,,,,,,,,
 ACT , 956 ," 7,348 "," 25,019 "," 27,205 "," 29,153 "," 28,182 "," 26,496 "," 26,072 "," 23,353 "," 22,335 "," 19,023 "," 17,300 "," 33,296 "," 285,738 ",,,,,,,,,,,,,,,,,
Canberra, 476 ," 3,932 "," 12,570 "," 12,865 "," 12,914 "," 12,144 "," 12,023 "," 13,050 "," 12,663 "," 12,575 "," 10,589 "," 9,617 "," 18,970 "," 144,388 ",,,,,,,,,,,,,,,,,
Female, 248 ," 1,982 "," 6,114 "," 6,395 "," 6,389 "," 6,158 "," 6,130 "," 6,703 "," 6,659 "," 6,472 "," 5,458 "," 4,991 "," 10,492 "," 74,191 ",,,,,,,,,,,,,,,,,
Male, 228 ," 1,949 "," 6,450 "," 6,467 "," 6,523 "," 5,984 "," 5,892 "," 6,347 "," 6,002 "," 6,103 "," 5,131 "," 4,626 "," 8,477 "," 70,179 ",,,,,,,,,,,,,,,,,
Indeterminate/Unknown, - , 1 , 6 , 3 , 2 , 2 , 1 , - , 2 , - , - , - , 1 , 18 ,,,,,,,,,,,,,,,,,
Fenner, 480 ," 3,416 "," 12,449 "," 14,340 "," 16,239 "," 16,038 "," 14,473 "," 13,022 "," 10,690 "," 9,760 "," 8,434 "," 7,683 "," 14,326 "," 141,350 ",,,,,,,,,,,,,,,,,
Female, 265 ," 1,727 "," 6,311 "," 7,277 "," 8,319 "," 8,005 "," 7,203 "," 6,463 "," 5,425 "," 5,028 "," 4,472 "," 4,123 "," 7,800 "," 72,418 ",,,,,,,,,,,,,,,,,
Male, 215 ," 1,686 "," 6,137 "," 7,061 "," 7,920 "," 8,033 "," 7,270 "," 6,559 "," 5,263 "," 4,732 "," 3,962 "," 3,560 "," 6,525 "," 68,923 ",,,,,,,,,,,,,,,,,
Indeterminate/Unknown, - , 3 , 1 , 2 , - , - , - , - , 2 , - , - , - , 1 , 9 ,,,,,,,,,,,,,,,,,
 NT , 82 ," 2,369 "," 11,628 "," 15,381 "," 16,196 "," 14,731 "," 13,851 "," 14,162 "," 12,992 "," 11,598 "," 9,363 "," 6,761 "," 8,741 "," 137,855 ",,,,,,,,,,,,,,,,,
Lingiari, 37 ," 1,017 "," 5,796 "," 7,691 "," 8,111 "," 7,393 "," 7,172 "," 7,447 "," 6,865 "," 5,972 "," 4,779 "," 3,175 "," 3,868 "," 69,323 ",,,,,,,,,,,,,,,,,
Female, 25 , 519 ," 2,893 "," 3,907 "," 4,152 "," 3,758 "," 3,632 "," 3,771 "," 3,411 "," 3,031 "," 2,309 "," 1,458 "," 1,882 "," 34,748 ",,,,,,,,,,,,,,,,,
Male, 12 , 498 ," 2,900 "," 3,783 "," 3,958 "," 3,635 "," 3,540 "," 3,676 "," 3,453 "," 2,941 "," 2,470 "," 1,717 "," 1,986 "," 34,569 ",,,,,,,,,,,,,,,,,
Indeterminate/Unknown, - , - , 3 , 1 , 1 , - , - , - , 1 , - , - , - , - , 6 ,,,,,,,,,,,,,,,,,
Solomon, 45 ," 1,352 "," 5,832 "," 7,690 "," 8,085 "," 7,338 "," 6,679 "," 6,715 "," 6,127 "," 5,626 "," 4,584 "," 3,586 "," 4,873 "," 68,532 ",,,,,,,,,,,,,,,,,
Female, 26 , 641 ," 2,845 "," 3,668 "," 3,887 "," 3,633 "," 3,232 "," 3,265 "," 3,003 "," 2,691 "," 2,188 "," 1,676 "," 2,369 "," 33,124 ",,,,,,,,,,,,,,,,,
Male, 19 , 711 ," 2,987 "," 4,022 "," 4,198 "," 3,705 "," 3,447 "," 3,450 "," 3,124 "," 2,935 "," 2,396 "," 1,910 "," 2,504 "," 35,408 ",,,,,,,,,,,,,,,,,
Indeterminate/Unknown, - , - , - , - , - , - , - , - , - , - , - , - , - , - ,,,,,,,,,,,,,,,,,
 Grand Total ," 47,805 "," 371,115 "," 1,264,329 "," 1,291,555 "," 1,344,290 "," 1,326,414 "," 1,354,556 "," 1,431,567 "," 1,361,166 "," 1,368,017 "," 1,234,915 "," 1,126,687 "," 2,408,177 "," 15,930,593 ",,,,,,,,,,,,,,,,,
,,,,,,,,,,,,,,,,,,,,,,,,,,,,,,,
,,,,,,,,,,,,,,,,,,,,,,,,,,,,,,,
,,,,,,,,,,,,,,,,,,,,,,,,,,,,,,,
,,,,,,,,,,,,,,,,,,,,,,,,,,,,,,,
,,,,,,,,,,,,,,,,,,,,,,,,,,,,,,,
,,,,,,,,,,,,,,,,,,,,,,,,,,,,,,,
,,,,,,,,,,,,,,,,,,,,,,,,,,,,,,,
,,,,,,,,,,,,,,,,,,,,,,,,,,,,,,,
,,,,,,,,,,,,,,,,,,,,,,,,,,,,,,,
